index,Year,Months,Element,Unit,Value
6983,2000,Annual value,KG,USD,0.12
6984,2001,Annual value,KG,USD,0.11
6985,2002,Annual value,KG,USD,0.12
6986,2003,Annual value,KG,USD,0.13
6987,2004,Annual value,KG,USD,0.14
6988,2005,Annual value,KG,USD,0.17
6989,2006,Annual value,KG,USD,0.16
6990,2007,Annual value,KG,USD,0.2
6991,2008,Annual value,KG,USD,0.29
6992,2009,Annual value,KG,USD,0.3
6993,2010,Annual value,KG,USD,0.29
6994,2011,Annual value,KG,USD,0.32
6995,2012,Annual value,KG,USD,0.3
6996,2013,Annual value,KG,USD,0.29
6997,2014,Annual value,KG,USD,0.3
6998,2015,Annual value,KG,USD,0.29
6999,2016,Annual value,KG,USD,0.29
7000,2017,Annual value,KG,USD,0.28
7001,2018,Annual value,KG,USD,0.29
7002,2019,Annual value,KG,USD,0.28
7003,2020,Annual value,KG,USD,0.29
7004,2021,Annual value,KG,USD,0.33
