date,admin1,admin2,market,latitude,longitude,category,commodity,unit,priceflag,pricetype,currency,price,usdprice
#date,#adm1+name,#adm2+name,#loc+market+name,#geo+lat,#geo+lon,#item+type,#item+name,#item+unit,#item+price+flag,#item+price+type,#currency,#value,#value+usd
2008-01-15,An Giang,Chau Phu,An Giang,10.522,105.126,cereals and tubers,Rice,KG,actual,Wholesale,VND,5317.5,0.3364
2008-01-15,Dong Thap,Tam Nong,Dong Thap,10.678,105.5,cereals and tubers,Rice,KG,actual,Wholesale,VND,5345.71,0.3382
2008-02-15,An Giang,Chau Phu,An Giang,10.522,105.126,cereals and tubers,Rice,KG,actual,Wholesale,VND,5770.0,0.3677
2008-02-15,Dong Thap,Tam Nong,Dong Thap,10.678,105.5,cereals and tubers,Rice,KG,actual,Wholesale,VND,5804.0,0.3698
2008-03-15,An Giang,Chau Phu,An Giang,10.522,105.126,cereals and tubers,Rice,KG,actual,Wholesale,VND,6576.0,0.4108
2008-03-15,Dong Thap,Tam Nong,Dong Thap,10.678,105.5,cereals and tubers,Rice,KG,actual,Wholesale,VND,6523.75,0.4076
2008-04-15,An Giang,Chau Phu,An Giang,10.522,105.126,cereals and tubers,Rice,KG,actual,Wholesale,VND,7195.0,0.4528
2008-04-15,Dong Thap,Tam Nong,Dong Thap,10.678,105.5,cereals and tubers,Rice,KG,actual,Wholesale,VND,7250.0,0.4563
2008-05-15,An Giang,Chau Phu,An Giang,10.522,105.126,cereals and tubers,Rice,KG,actual,Wholesale,VND,8466.67,0.5306
2008-05-15,Dong Thap,Tam Nong,Dong Thap,10.678,105.5,cereals and tubers,Rice,KG,actual,Wholesale,VND,8711.11,0.5459
2008-06-15,An Giang,Chau Phu,An Giang,10.522,105.126,cereals and tubers,Rice,KG,actual,Wholesale,VND,8680.0,0.5325
2008-06-15,Dong Thap,Tam Nong,Dong Thap,10.678,105.5,cereals and tubers,Rice,KG,actual,Wholesale,VND,8227.78,0.5048
2008-07-15,An Giang,Chau Phu,An Giang,10.522,105.126,cereals and tubers,Rice,KG,actual,Wholesale,VND,7850.0,0.4701
2008-07-15,Dong Thap,Tam Nong,Dong Thap,10.678,105.5,cereals and tubers,Rice,KG,actual,Wholesale,VND,7544.44,0.4518
2008-08-15,An Giang,Chau Phu,An Giang,10.522,105.126,cereals and tubers,Rice,KG,actual,Wholesale,VND,7342.5,0.449
2008-08-15,Dong Thap,Tam Nong,Dong Thap,10.678,105.5,cereals and tubers,Rice,KG,actual,Wholesale,VND,7022.5,0.4294
2008-09-15,An Giang,Chau Phu,An Giang,10.522,105.126,cereals and tubers,Rice,KG,actual,Wholesale,VND,6130.0,0.3758
2008-09-15,Dong Thap,Tam Nong,Dong Thap,10.678,105.5,cereals and tubers,Rice,KG,actual,Wholesale,VND,6241.25,0.3826
2008-10-15,An Giang,Chau Phu,An Giang,10.522,105.126,cereals and tubers,Rice,KG,actual,Wholesale,VND,5877.5,0.3541
2008-10-15,Dong Thap,Tam Nong,Dong Thap,10.678,105.5,cereals and tubers,Rice,KG,actual,Wholesale,VND,5812.5,0.3502
2008-11-15,An Giang,Chau Phu,An Giang,10.522,105.126,cereals and tubers,Rice,KG,actual,Wholesale,VND,5057.5,0.3066
2008-11-15,Dong Thap,Tam Nong,Dong Thap,10.678,105.5,cereals and tubers,Rice,KG,actual,Wholesale,VND,4514.29,0.2737
2008-12-15,An Giang,Chau Phu,An Giang,10.522,105.126,cereals and tubers,Rice,KG,actual,Wholesale,VND,4887.5,0.2927
2008-12-15,Dong Thap,Tam Nong,Dong Thap,10.678,105.5,cereals and tubers,Rice,KG,actual,Wholesale,VND,4814.29,0.2883
2009-01-15,An Giang,Chau Phu,An Giang,10.522,105.126,cereals and tubers,Rice,KG,actual,Wholesale,VND,5116.67,0.2969
2009-01-15,Dong Thap,Tam Nong,Dong Thap,10.678,105.5,cereals and tubers,Rice,KG,actual,Wholesale,VND,4958.33,0.2878
2009-02-15,An Giang,Chau Phu,An Giang,10.522,105.126,cereals and tubers,Rice,KG,actual,Wholesale,VND,5800.0,0.3417
2009-02-15,Dong Thap,Tam Nong,Dong Thap,10.678,105.5,cereals and tubers,Rice,KG,actual,Wholesale,VND,5857.14,0.345
2009-03-15,An Giang,Chau Phu,An Giang,10.522,105.126,cereals and tubers,Rice,KG,actual,Wholesale,VND,6260.0,0.369
2009-03-15,Dong Thap,Tam Nong,Dong Thap,10.678,105.5,cereals and tubers,Rice,KG,actual,Wholesale,VND,6200.0,0.3655
2009-04-15,An Giang,Chau Phu,An Giang,10.522,105.126,cereals and tubers,Rice,KG,actual,Wholesale,VND,6500.0,0.372
2009-04-15,Dong Thap,Tam Nong,Dong Thap,10.678,105.5,cereals and tubers,Rice,KG,actual,Wholesale,VND,6282.5,0.3596
2009-05-15,An Giang,Chau Phu,An Giang,10.522,105.126,cereals and tubers,Rice,KG,actual,Wholesale,VND,6016.67,0.357
2009-05-15,Dong Thap,Tam Nong,Dong Thap,10.678,105.5,cereals and tubers,Rice,KG,actual,Wholesale,VND,5861.67,0.3478
2009-06-15,An Giang,Chau Phu,An Giang,10.522,105.126,cereals and tubers,Rice,KG,actual,Wholesale,VND,5840.0,0.3465
2009-06-15,Dong Thap,Tam Nong,Dong Thap,10.678,105.5,cereals and tubers,Rice,KG,actual,Wholesale,VND,5700.0,0.3382
2009-07-15,An Giang,Chau Phu,An Giang,10.522,105.126,cereals and tubers,Rice,KG,actual,Wholesale,VND,5900.0,0.3367
2009-07-15,Dong Thap,Tam Nong,Dong Thap,10.678,105.5,cereals and tubers,Rice,KG,actual,Wholesale,VND,5771.43,0.3294
2009-08-15,An Giang,Chau Phu,An Giang,10.522,105.126,cereals and tubers,Rice,KG,actual,Wholesale,VND,5562.0,0.3277
2009-08-15,Dong Thap,Tam Nong,Dong Thap,10.678,105.5,cereals and tubers,Rice,KG,actual,Wholesale,VND,5625.56,0.3315
2009-09-15,An Giang,Chau Phu,An Giang,10.522,105.126,cereals and tubers,Rice,KG,actual,Wholesale,VND,5510.0,0.3148
2009-09-15,Dong Thap,Tam Nong,Dong Thap,10.678,105.5,cereals and tubers,Rice,KG,actual,Wholesale,VND,5493.75,0.3139
2009-10-15,An Giang,Chau Phu,An Giang,10.522,105.126,cereals and tubers,Rice,KG,actual,Wholesale,VND,5975.0,0.3357
2009-10-15,Dong Thap,Tam Nong,Dong Thap,10.678,105.5,cereals and tubers,Rice,KG,actual,Wholesale,VND,5887.5,0.3308
2009-11-15,An Giang,Chau Phu,An Giang,10.522,105.126,cereals and tubers,Rice,KG,actual,Wholesale,VND,6600.0,0.3775
2009-11-15,Dong Thap,Tam Nong,Dong Thap,10.678,105.5,cereals and tubers,Rice,KG,actual,Wholesale,VND,6975.0,0.399
2009-12-15,An Giang,Chau Phu,An Giang,10.522,105.126,cereals and tubers,Rice,KG,actual,Wholesale,VND,8100.0,0.4397
2009-12-15,Dong Thap,Tam Nong,Dong Thap,10.678,105.5,cereals and tubers,Rice,KG,actual,Wholesale,VND,8177.78,0.444
2010-01-15,An Giang,Chau Phu,An Giang,10.522,105.126,cereals and tubers,Rice,KG,actual,Wholesale,VND,8016.67,0.4405
2010-01-15,Dong Thap,Tam Nong,Dong Thap,10.678,105.5,cereals and tubers,Rice,KG,actual,Wholesale,VND,8150.0,0.4479
2010-02-15,An Giang,Chau Phu,An Giang,10.522,105.126,cereals and tubers,Rice,KG,actual,Wholesale,VND,7655.0,0.4115
2010-02-15,Dong Thap,Tam Nong,Dong Thap,10.678,105.5,cereals and tubers,Rice,KG,actual,Wholesale,VND,7462.5,0.4012
2010-03-15,An Giang,Chau Phu,An Giang,10.522,105.126,cereals and tubers,Rice,KG,actual,Wholesale,VND,5998.0,0.3224
2010-03-15,Dong Thap,Tam Nong,Dong Thap,10.678,105.5,cereals and tubers,Rice,KG,actual,Wholesale,VND,6218.75,0.3343
2010-04-15,An Giang,Chau Phu,An Giang,10.522,105.126,cereals and tubers,Rice,KG,actual,Wholesale,VND,5883.33,0.3105
2010-04-15,Dong Thap,Tam Nong,Dong Thap,10.678,105.5,cereals and tubers,Rice,KG,actual,Wholesale,VND,5916.67,0.3123
2010-05-15,An Giang,Chau Phu,An Giang,10.522,105.126,cereals and tubers,Rice,KG,actual,Wholesale,VND,5912.5,0.3188
2010-05-15,Dong Thap,Tam Nong,Dong Thap,10.678,105.5,cereals and tubers,Rice,KG,actual,Wholesale,VND,5900.0,0.3182
2010-06-15,An Giang,Chau Phu,An Giang,10.522,105.126,cereals and tubers,Rice,KG,actual,Wholesale,VND,5775.0,0.3052
2010-06-15,Dong Thap,Tam Nong,Dong Thap,10.678,105.5,cereals and tubers,Rice,KG,actual,Wholesale,VND,5900.0,0.3118
2010-07-15,An Giang,Chau Phu,An Giang,10.522,105.126,cereals and tubers,Rice,KG,actual,Wholesale,VND,5387.5,0.2828
2010-07-15,Dong Thap,Tam Nong,Dong Thap,10.678,105.5,cereals and tubers,Rice,KG,actual,Wholesale,VND,5500.0,0.2887
2010-08-15,An Giang,Chau Phu,An Giang,10.522,105.126,cereals and tubers,Rice,KG,actual,Wholesale,VND,6244.0,0.3333
2010-08-15,Dong Thap,Tam Nong,Dong Thap,10.678,105.5,cereals and tubers,Rice,KG,actual,Wholesale,VND,6266.67,0.3345
2010-09-15,An Giang,Chau Phu,An Giang,10.522,105.126,cereals and tubers,Rice,KG,actual,Wholesale,VND,7500.0,0.3851
2010-09-15,Dong Thap,Tam Nong,Dong Thap,10.678,105.5,cereals and tubers,Rice,KG,actual,Wholesale,VND,7450.0,0.3825
2010-10-15,An Giang,Chau Phu,An Giang,10.522,105.126,cereals and tubers,Rice,KG,actual,Wholesale,VND,7750.0,0.398
2010-10-15,Dong Thap,Tam Nong,Dong Thap,10.678,105.5,cereals and tubers,Rice,KG,actual,Wholesale,VND,7750.0,0.398
2010-11-15,An Giang,Chau Phu,An Giang,10.522,105.126,cereals and tubers,Rice,KG,actual,Wholesale,VND,8586.0,0.4411
2010-11-15,Dong Thap,Tam Nong,Dong Thap,10.678,105.5,cereals and tubers,Rice,KG,actual,Wholesale,VND,8410.0,0.4321
2010-12-15,An Giang,Chau Phu,An Giang,10.522,105.126,cereals and tubers,Rice,KG,actual,Wholesale,VND,8845.0,0.4545
2010-12-15,Dong Thap,Tam Nong,Dong Thap,10.678,105.5,cereals and tubers,Rice,KG,actual,Wholesale,VND,8690.0,0.4466
2011-01-15,An Giang,Chau Phu,An Giang,10.522,105.126,cereals and tubers,Rice,KG,actual,Wholesale,VND,8190.0,0.4326
2011-01-15,Dong Thap,Tam Nong,Dong Thap,10.678,105.5,cereals and tubers,Rice,KG,actual,Wholesale,VND,8383.33,0.4428
2011-02-15,An Giang,Chau Phu,An Giang,10.522,105.126,cereals and tubers,Rice,KG,actual,Wholesale,VND,7870.0,0.4044
2011-02-15,Dong Thap,Tam Nong,Dong Thap,10.678,105.5,cereals and tubers,Rice,KG,actual,Wholesale,VND,8075.0,0.415
2011-03-15,An Giang,Chau Phu,An Giang,10.522,105.126,cereals and tubers,Rice,KG,actual,Wholesale,VND,8155.0,0.3911
2011-03-15,Dong Thap,Tam Nong,Dong Thap,10.678,105.5,cereals and tubers,Rice,KG,actual,Wholesale,VND,8077.78,0.3874
2011-04-15,An Giang,Chau Phu,An Giang,10.522,105.126,cereals and tubers,Rice,KG,actual,Wholesale,VND,8510.0,0.4073
2011-04-15,Dong Thap,Tam Nong,Dong Thap,10.678,105.5,cereals and tubers,Rice,KG,actual,Wholesale,VND,8525.0,0.408
2011-05-15,An Giang,Chau Phu,An Giang,10.522,105.126,cereals and tubers,Rice,KG,actual,Wholesale,VND,8626.0,0.4173
2011-05-15,Dong Thap,Tam Nong,Dong Thap,10.678,105.5,cereals and tubers,Rice,KG,actual,Wholesale,VND,8535.71,0.4129
2011-06-15,An Giang,Chau Phu,An Giang,10.522,105.126,cereals and tubers,Rice,KG,actual,Wholesale,VND,8390.0,0.4136
2011-06-15,Dong Thap,Tam Nong,Dong Thap,10.678,105.5,cereals and tubers,Rice,KG,actual,Wholesale,VND,8444.44,0.4163
2011-07-15,An Giang,Chau Phu,An Giang,10.522,105.126,cereals and tubers,Rice,KG,actual,Wholesale,VND,8706.75,0.4238
2011-07-15,Dong Thap,Tam Nong,Dong Thap,10.678,105.5,cereals and tubers,Rice,KG,actual,Wholesale,VND,8787.5,0.4277
2011-08-15,An Giang,Chau Phu,An Giang,10.522,105.126,cereals and tubers,Rice,KG,actual,Wholesale,VND,9576.0,0.471
2011-08-15,Dong Thap,Tam Nong,Dong Thap,10.678,105.5,cereals and tubers,Rice,KG,actual,Wholesale,VND,9683.33,0.4763
2011-09-15,An Giang,Chau Phu,An Giang,10.522,105.126,cereals and tubers,Rice,KG,actual,Wholesale,VND,9696.67,0.4661
2011-09-15,Dong Thap,Tam Nong,Dong Thap,10.678,105.5,cereals and tubers,Rice,KG,actual,Wholesale,VND,9771.43,0.4697
2011-10-15,An Giang,Chau Phu,An Giang,10.522,105.126,cereals and tubers,Rice,KG,actual,Wholesale,VND,9994.0,0.4825
2011-10-15,Dong Thap,Tam Nong,Dong Thap,10.678,105.5,cereals and tubers,Rice,KG,actual,Wholesale,VND,10177.78,0.4914
2011-11-15,An Giang,Chau Phu,An Giang,10.522,105.126,cereals and tubers,Rice,KG,actual,Wholesale,VND,10200.0,0.4926
2011-11-15,Dong Thap,Tam Nong,Dong Thap,10.678,105.5,cereals and tubers,Rice,KG,actual,Wholesale,VND,10288.89,0.4969
2011-12-15,An Giang,Chau Phu,An Giang,10.522,105.126,cereals and tubers,Rice,KG,actual,Wholesale,VND,9116.67,0.4344
2011-12-15,Dong Thap,Tam Nong,Dong Thap,10.678,105.5,cereals and tubers,Rice,KG,actual,Wholesale,VND,8971.43,0.4275
2012-01-15,An Giang,Chau Phu,An Giang,10.522,105.126,cereals and tubers,Rice,KG,actual,Wholesale,VND,8205.0,0.3939
2012-01-15,Dong Thap,Tam Nong,Dong Thap,10.678,105.5,cereals and tubers,Rice,KG,actual,Wholesale,VND,8225.0,0.3949
2012-02-15,An Giang,Chau Phu,An Giang,10.522,105.126,cereals and tubers,Rice,KG,actual,Wholesale,VND,7810.0,0.3755
2012-02-15,Dong Thap,Tam Nong,Dong Thap,10.678,105.5,cereals and tubers,Rice,KG,actual,Wholesale,VND,7588.9,0.3649
2012-03-15,An Giang,Chau Phu,An Giang,10.522,105.126,cereals and tubers,Rice,KG,actual,Wholesale,VND,7255.0,0.3487
2012-03-15,Dong Thap,Tam Nong,Dong Thap,10.678,105.5,cereals and tubers,Rice,KG,actual,Wholesale,VND,7300.0,0.3509
2012-04-15,An Giang,Chau Phu,An Giang,10.522,105.126,cereals and tubers,Rice,KG,actual,Wholesale,VND,7262.5,0.3487
2012-04-15,Dong Thap,Tam Nong,Dong Thap,10.678,105.5,cereals and tubers,Rice,KG,actual,Wholesale,VND,7414.3,0.356
2012-05-15,An Giang,Chau Phu,An Giang,10.522,105.126,cereals and tubers,Rice,KG,actual,Wholesale,VND,7536.0,0.3621
2012-05-15,Dong Thap,Tam Nong,Dong Thap,10.678,105.5,cereals and tubers,Rice,KG,actual,Wholesale,VND,7457.1,0.3583
2012-06-15,An Giang,Chau Phu,An Giang,10.522,105.126,cereals and tubers,Rice,KG,actual,Wholesale,VND,7360.0,0.352
2012-06-15,Dong Thap,Tam Nong,Dong Thap,10.678,105.5,cereals and tubers,Rice,KG,actual,Wholesale,VND,7243.8,0.3464
2012-07-15,An Giang,Chau Phu,An Giang,10.522,105.126,cereals and tubers,Rice,KG,actual,Wholesale,VND,7240.0,0.3476
2012-07-15,Dong Thap,Tam Nong,Dong Thap,10.678,105.5,cereals and tubers,Rice,KG,actual,Wholesale,VND,7322.2,0.3516
2012-08-15,An Giang,Chau Phu,An Giang,10.522,105.126,cereals and tubers,Rice,KG,actual,Wholesale,VND,7630.0,0.3718
2012-08-15,Dong Thap,Tam Nong,Dong Thap,10.678,105.5,cereals and tubers,Rice,KG,actual,Wholesale,VND,7633.3,0.372
2012-09-15,An Giang,Chau Phu,An Giang,10.522,105.126,cereals and tubers,Rice,KG,actual,Wholesale,VND,8147.5,0.3912
2012-09-15,Dong Thap,Tam Nong,Dong Thap,10.678,105.5,cereals and tubers,Rice,KG,actual,Wholesale,VND,7960.0,0.3822
2012-10-15,An Giang,Chau Phu,An Giang,10.522,105.126,cereals and tubers,Rice,KG,actual,Wholesale,VND,8104.0,0.3941
2012-10-15,Dong Thap,Tam Nong,Dong Thap,10.678,105.5,cereals and tubers,Rice,KG,actual,Wholesale,VND,8244.4,0.4009
2012-11-15,An Giang,Chau Phu,An Giang,10.522,105.126,cereals and tubers,Rice,KG,actual,Wholesale,VND,8212.5,0.3945
2012-11-15,Dong Thap,Tam Nong,Dong Thap,10.678,105.5,cereals and tubers,Rice,KG,actual,Wholesale,VND,8300.0,0.3988
2012-12-15,An Giang,Chau Phu,An Giang,10.522,105.126,cereals and tubers,Rice,KG,actual,Wholesale,VND,7615.0,0.3656
2012-12-15,Dong Thap,Tam Nong,Dong Thap,10.678,105.5,cereals and tubers,Rice,KG,actual,Wholesale,VND,7750.0,0.3721
2013-01-15,An Giang,Chau Phu,An Giang,10.522,105.126,cereals and tubers,Rice,KG,actual,Wholesale,VND,7600.0,0.3687
2013-01-15,Dong Thap,Tam Nong,Dong Thap,10.678,105.5,cereals and tubers,Rice,KG,actual,Wholesale,VND,7350.0,0.3565
2013-02-15,An Giang,Chau Phu,An Giang,10.522,105.126,cereals and tubers,Rice,KG,actual,Wholesale,VND,7156.0,0.3492
2013-02-15,Dong Thap,Tam Nong,Dong Thap,10.678,105.5,cereals and tubers,Rice,KG,actual,Wholesale,VND,7000.0,0.3416
2013-03-15,An Giang,Chau Phu,An Giang,10.522,105.126,cereals and tubers,Rice,KG,actual,Wholesale,VND,7162.5,0.3474
2013-03-15,Dong Thap,Tam Nong,Dong Thap,10.678,105.5,cereals and tubers,Rice,KG,actual,Wholesale,VND,7320.0,0.3551
2013-04-15,An Giang,Chau Phu,An Giang,10.522,105.126,cereals and tubers,Rice,KG,actual,Wholesale,VND,7135.0,0.3456
2013-04-15,Dong Thap,Tam Nong,Dong Thap,10.678,105.5,cereals and tubers,Rice,KG,actual,Wholesale,VND,7216.67,0.3496
2013-05-15,An Giang,Chau Phu,An Giang,10.522,105.126,cereals and tubers,Rice,KG,actual,Wholesale,VND,7112.0,0.3453
2013-05-15,Dong Thap,Tam Nong,Dong Thap,10.678,105.5,cereals and tubers,Rice,KG,actual,Wholesale,VND,7050.0,0.3423
2013-06-15,An Giang,Chau Phu,An Giang,10.522,105.126,cereals and tubers,Rice,KG,actual,Wholesale,VND,6925.0,0.3308
2013-06-15,Dong Thap,Tam Nong,Dong Thap,10.678,105.5,cereals and tubers,Rice,KG,actual,Wholesale,VND,6810.0,0.3253
2013-07-15,An Giang,Chau Phu,An Giang,10.522,105.126,cereals and tubers,Rice,KG,actual,Wholesale,VND,6880.0,0.3262
2013-07-15,Dong Thap,Tam Nong,Dong Thap,10.678,105.5,cereals and tubers,Rice,KG,actual,Wholesale,VND,7000.0,0.3319
2013-08-15,An Giang,Chau Phu,An Giang,10.522,105.126,cereals and tubers,Rice,KG,actual,Wholesale,VND,7166.67,0.3398
2013-08-15,Dong Thap,Tam Nong,Dong Thap,10.678,105.5,cereals and tubers,Rice,KG,actual,Wholesale,VND,7180.0,0.3404
2013-09-15,An Giang,Chau Phu,An Giang,10.522,105.126,cereals and tubers,Rice,KG,actual,Wholesale,VND,6940.0,0.3299
2013-09-15,Dong Thap,Tam Nong,Dong Thap,10.678,105.5,cereals and tubers,Rice,KG,actual,Wholesale,VND,6675.0,0.3173
2013-10-15,An Giang,Chau Phu,An Giang,10.522,105.126,cereals and tubers,Rice,KG,actual,Wholesale,VND,7187.5,0.3414
2013-10-15,Dong Thap,Tam Nong,Dong Thap,10.678,105.5,cereals and tubers,Rice,KG,actual,Wholesale,VND,6975.0,0.3313
2013-11-15,An Giang,Chau Phu,An Giang,10.522,105.126,cereals and tubers,Rice,KG,actual,Wholesale,VND,7375.0,0.3558
2013-11-15,Dong Thap,Tam Nong,Dong Thap,10.678,105.5,cereals and tubers,Rice,KG,actual,Wholesale,VND,7390.0,0.3565
2013-12-15,An Giang,Chau Phu,An Giang,10.522,105.126,cereals and tubers,Rice,KG,actual,Wholesale,VND,7925.0,0.3767
2013-12-15,Dong Thap,Tam Nong,Dong Thap,10.678,105.5,cereals and tubers,Rice,KG,actual,Wholesale,VND,7700.0,0.366
2014-01-15,An Giang,Chau Phu,An Giang,10.522,105.126,cereals and tubers,Rice,KG,actual,Wholesale,VND,7775.0,0.3695
2014-01-15,Dong Thap,Tam Nong,Dong Thap,10.678,105.5,cereals and tubers,Rice,KG,actual,Wholesale,VND,7625.0,0.3624
2014-02-15,An Giang,Chau Phu,An Giang,10.522,105.126,cereals and tubers,Rice,KG,actual,Wholesale,VND,7700.0,0.366
2014-02-15,Dong Thap,Tam Nong,Dong Thap,10.678,105.5,cereals and tubers,Rice,KG,actual,Wholesale,VND,7622.33,0.3623
2014-03-15,An Giang,Chau Phu,An Giang,10.522,105.126,cereals and tubers,Rice,KG,actual,Wholesale,VND,7500.0,0.3565
2014-03-15,Dong Thap,Tam Nong,Dong Thap,10.678,105.5,cereals and tubers,Rice,KG,actual,Wholesale,VND,7440.0,0.3537
2014-04-15,An Giang,Chau Phu,An Giang,10.522,105.126,cereals and tubers,Rice,KG,actual,Wholesale,VND,7187.5,0.3415
2014-04-15,Dong Thap,Tam Nong,Dong Thap,10.678,105.5,cereals and tubers,Rice,KG,actual,Wholesale,VND,7225.0,0.3433
2014-05-15,An Giang,Chau Phu,An Giang,10.522,105.126,cereals and tubers,Rice,KG,actual,Wholesale,VND,7433.33,0.353
2014-05-15,Dong Thap,Tam Nong,Dong Thap,10.678,105.5,cereals and tubers,Rice,KG,actual,Wholesale,VND,7200.0,0.342
2014-06-15,An Giang,Chau Phu,An Giang,10.522,105.126,cereals and tubers,Rice,KG,actual,Wholesale,VND,7320.0,0.3462
2014-06-15,Dong Thap,Tam Nong,Dong Thap,10.678,105.5,cereals and tubers,Rice,KG,actual,Wholesale,VND,7162.5,0.3388
2014-07-15,An Giang,Chau Phu,An Giang,10.522,105.126,cereals and tubers,Rice,KG,actual,Wholesale,VND,7712.5,0.3646
2014-07-15,Dong Thap,Tam Nong,Dong Thap,10.678,105.5,cereals and tubers,Rice,KG,actual,Wholesale,VND,7550.0,0.3569
2014-08-15,An Giang,Chau Phu,An Giang,10.522,105.126,cereals and tubers,Rice,KG,actual,Wholesale,VND,8375.0,0.4012
2014-08-15,Dong Thap,Tam Nong,Dong Thap,10.678,105.5,cereals and tubers,Rice,KG,actual,Wholesale,VND,8120.0,0.389
2014-09-15,An Giang,Chau Phu,An Giang,10.522,105.126,cereals and tubers,Rice,KG,actual,Wholesale,VND,8390.0,0.4021
2014-09-15,Dong Thap,Tam Nong,Dong Thap,10.678,105.5,cereals and tubers,Rice,KG,actual,Wholesale,VND,8000.0,0.3834
2014-10-15,An Giang,Chau Phu,An Giang,10.522,105.126,cereals and tubers,Rice,KG,actual,Wholesale,VND,8062.5,0.3908
2014-10-15,Dong Thap,Tam Nong,Dong Thap,10.678,105.5,cereals and tubers,Rice,KG,actual,Wholesale,VND,7900.0,0.3829
2014-11-15,An Giang,Chau Phu,An Giang,10.522,105.126,cereals and tubers,Rice,KG,actual,Wholesale,VND,7925.0,0.373
2014-11-15,Dong Thap,Tam Nong,Dong Thap,10.678,105.5,cereals and tubers,Rice,KG,actual,Wholesale,VND,7660.0,0.3605
2014-12-15,An Giang,Chau Phu,An Giang,10.522,105.126,cereals and tubers,Rice,KG,actual,Wholesale,VND,7240.0,0.3438
2014-12-15,Dong Thap,Tam Nong,Dong Thap,10.678,105.5,cereals and tubers,Rice,KG,actual,Wholesale,VND,7187.5,0.3414
2015-01-15,An Giang,Chau Phu,An Giang,10.522,105.126,cereals and tubers,Rice,KG,actual,Wholesale,VND,7100.0,0.338
2015-01-15,Dong Thap,Tam Nong,Dong Thap,10.678,105.5,cereals and tubers,Rice,KG,actual,Wholesale,VND,6950.0,0.3308
2015-02-15,An Giang,Chau Phu,An Giang,10.522,105.126,cereals and tubers,Rice,KG,actual,Wholesale,VND,7000.0,0.3258
2015-02-15,Dong Thap,Tam Nong,Dong Thap,10.678,105.5,cereals and tubers,Rice,KG,actual,Wholesale,VND,6650.0,0.3095
2015-03-15,An Giang,Chau Phu,An Giang,10.522,105.126,cereals and tubers,Rice,KG,actual,Wholesale,VND,7020.0,0.3267
2015-03-15,Dong Thap,Tam Nong,Dong Thap,10.678,105.5,cereals and tubers,Rice,KG,actual,Wholesale,VND,6937.5,0.3229
2015-04-15,An Giang,Chau Phu,An Giang,10.522,105.126,cereals and tubers,Rice,KG,actual,Wholesale,VND,6975.0,0.3287
2015-04-15,Dong Thap,Tam Nong,Dong Thap,10.678,105.5,cereals and tubers,Rice,KG,actual,Wholesale,VND,6912.5,0.3258
2015-05-15,An Giang,Chau Phu,An Giang,10.522,105.126,cereals and tubers,Rice,KG,actual,Wholesale,VND,6900.0,0.318
2015-05-15,Dong Thap,Tam Nong,Dong Thap,10.678,105.5,cereals and tubers,Rice,KG,actual,Wholesale,VND,6712.5,0.3093
2015-06-15,An Giang,Chau Phu,An Giang,10.522,105.126,cereals and tubers,Rice,KG,actual,Wholesale,VND,6740.0,0.3095
2015-06-15,Dong Thap,Tam Nong,Dong Thap,10.678,105.5,cereals and tubers,Rice,KG,actual,Wholesale,VND,6737.5,0.3094
2015-07-15,An Giang,Chau Phu,An Giang,10.522,105.126,cereals and tubers,Rice,KG,actual,Wholesale,VND,6600.0,0.3078
2015-07-15,Dong Thap,Tam Nong,Dong Thap,10.678,105.5,cereals and tubers,Rice,KG,actual,Wholesale,VND,6750.0,0.3148
2015-08-15,An Giang,Chau Phu,An Giang,10.522,105.126,cereals and tubers,Rice,KG,actual,Wholesale,VND,6700.0,0.3061
2015-08-15,Dong Thap,Tam Nong,Dong Thap,10.678,105.5,cereals and tubers,Rice,KG,actual,Wholesale,VND,6750.0,0.3084
2015-09-15,An Giang,Chau Phu,An Giang,10.522,105.126,cereals and tubers,Rice,KG,actual,Wholesale,VND,6700.0,0.3025
2015-09-15,Dong Thap,Tam Nong,Dong Thap,10.678,105.5,cereals and tubers,Rice,KG,actual,Wholesale,VND,6750.0,0.3048
2015-10-15,An Giang,Chau Phu,An Giang,10.522,105.126,cereals and tubers,Rice,KG,actual,Wholesale,VND,6800.0,0.3094
2015-10-15,Dong Thap,Tam Nong,Dong Thap,10.678,105.5,cereals and tubers,Rice,KG,actual,Wholesale,VND,6975.0,0.3173
2015-11-15,An Giang,Chau Phu,An Giang,10.522,105.126,cereals and tubers,Rice,KG,actual,Wholesale,VND,7475.0,0.3415
2015-11-15,Dong Thap,Tam Nong,Dong Thap,10.678,105.5,cereals and tubers,Rice,KG,actual,Wholesale,VND,7500.0,0.3426
2015-12-15,An Giang,Chau Phu,An Giang,10.522,105.126,cereals and tubers,Rice,KG,actual,Wholesale,VND,7500.0,0.3357
2015-12-15,Dong Thap,Tam Nong,Dong Thap,10.678,105.5,cereals and tubers,Rice,KG,actual,Wholesale,VND,7525.0,0.3368
2016-01-15,An Giang,Chau Phu,An Giang,10.522,105.126,cereals and tubers,Rice,KG,actual,Wholesale,VND,7366.67,0.3344
2016-01-15,Dong Thap,Tam Nong,Dong Thap,10.678,105.5,cereals and tubers,Rice,KG,actual,Wholesale,VND,7462.5,0.3388
2016-02-15,An Giang,Chau Phu,An Giang,10.522,105.126,cereals and tubers,Rice,KG,actual,Wholesale,VND,7150.0,0.3249
2016-02-15,Dong Thap,Tam Nong,Dong Thap,10.678,105.5,cereals and tubers,Rice,KG,actual,Wholesale,VND,7325.0,0.3328
2016-03-15,An Giang,Chau Phu,An Giang,10.522,105.126,cereals and tubers,Rice,KG,actual,Wholesale,VND,7375.0,0.3365
2016-03-15,Dong Thap,Tam Nong,Dong Thap,10.678,105.5,cereals and tubers,Rice,KG,actual,Wholesale,VND,7330.0,0.3345
2016-04-15,An Giang,Chau Phu,An Giang,10.522,105.126,cereals and tubers,Rice,KG,actual,Wholesale,VND,7500.0,0.342
2016-04-15,Dong Thap,Tam Nong,Dong Thap,10.678,105.5,cereals and tubers,Rice,KG,actual,Wholesale,VND,7350.0,0.3351
2016-05-15,An Giang,Chau Phu,An Giang,10.522,105.126,cereals and tubers,Rice,KG,actual,Wholesale,VND,7425.0,0.3392
2016-05-15,Dong Thap,Tam Nong,Dong Thap,10.678,105.5,cereals and tubers,Rice,KG,actual,Wholesale,VND,7275.0,0.3324
2016-06-15,An Giang,Chau Phu,An Giang,10.522,105.126,cereals and tubers,Rice,KG,actual,Wholesale,VND,7033.33,0.3214
2016-06-15,Dong Thap,Tam Nong,Dong Thap,10.678,105.5,cereals and tubers,Rice,KG,actual,Wholesale,VND,7237.5,0.3308
2016-07-15,An Giang,Chau Phu,An Giang,10.522,105.126,cereals and tubers,Rice,KG,actual,Wholesale,VND,6766.67,0.3055
2016-07-15,Dong Thap,Tam Nong,Dong Thap,10.678,105.5,cereals and tubers,Rice,KG,actual,Wholesale,VND,7200.0,0.325
2016-08-15,An Giang,Chau Phu,An Giang,10.522,105.126,cereals and tubers,Rice,KG,actual,Wholesale,VND,6740.0,0.3076
2016-08-15,Dong Thap,Tam Nong,Dong Thap,10.678,105.5,cereals and tubers,Rice,KG,actual,Wholesale,VND,7150.0,0.3263
2016-09-15,An Giang,Chau Phu,An Giang,10.522,105.126,cereals and tubers,Rice,KG,actual,Wholesale,VND,6500.0,0.2963
2016-09-15,Dong Thap,Tam Nong,Dong Thap,10.678,105.5,cereals and tubers,Rice,KG,actual,Wholesale,VND,6962.5,0.3173
2016-10-15,An Giang,Chau Phu,An Giang,10.522,105.126,cereals and tubers,Rice,KG,actual,Wholesale,VND,6480.0,0.2946
2016-10-15,Dong Thap,Tam Nong,Dong Thap,10.678,105.5,cereals and tubers,Rice,KG,actual,Wholesale,VND,6840.0,0.311
2016-11-15,An Giang,Chau Phu,An Giang,10.522,105.126,cereals and tubers,Rice,KG,actual,Wholesale,VND,6800.0,0.3082
2016-11-15,Dong Thap,Tam Nong,Dong Thap,10.678,105.5,cereals and tubers,Rice,KG,actual,Wholesale,VND,7037.5,0.3189
2016-12-15,An Giang,Chau Phu,An Giang,10.522,105.126,cereals and tubers,Rice,KG,actual,Wholesale,VND,6750.0,0.302
2016-12-15,Dong Thap,Tam Nong,Dong Thap,10.678,105.5,cereals and tubers,Rice,KG,actual,Wholesale,VND,6940.0,0.3105
2017-01-15,An Giang,Chau Phu,An Giang,10.522,105.126,cereals and tubers,Rice,KG,actual,Wholesale,VND,6750.0,0.3043
2017-01-15,Dong Thap,Tam Nong,Dong Thap,10.678,105.5,cereals and tubers,Rice,KG,actual,Wholesale,VND,6916.67,0.3118
2017-02-15,An Giang,Chau Phu,An Giang,10.522,105.126,cereals and tubers,Rice,KG,actual,Wholesale,VND,6975.0,0.3125
2017-02-15,Dong Thap,Tam Nong,Dong Thap,10.678,105.5,cereals and tubers,Rice,KG,actual,Wholesale,VND,7083.33,0.3174
2017-03-15,An Giang,Chau Phu,An Giang,10.522,105.126,cereals and tubers,Rice,KG,actual,Wholesale,VND,7100.0,0.3195
2017-03-15,Dong Thap,Tam Nong,Dong Thap,10.678,105.5,cereals and tubers,Rice,KG,actual,Wholesale,VND,7133.33,0.321
2017-04-15,An Giang,Chau Phu,An Giang,10.522,105.126,cereals and tubers,Rice,KG,actual,Wholesale,VND,6987.5,0.3132
2017-04-15,Dong Thap,Tam Nong,Dong Thap,10.678,105.5,cereals and tubers,Rice,KG,actual,Wholesale,VND,7083.33,0.3175
2017-05-15,An Giang,Chau Phu,An Giang,10.522,105.126,cereals and tubers,Rice,KG,actual,Wholesale,VND,6770.0,0.3036
2017-05-15,Dong Thap,Tam Nong,Dong Thap,10.678,105.5,cereals and tubers,Rice,KG,actual,Wholesale,VND,6860.0,0.3076
2017-06-15,An Giang,Chau Phu,An Giang,10.522,105.126,cereals and tubers,Rice,KG,actual,Wholesale,VND,7075.0,0.3166
2017-06-15,Dong Thap,Tam Nong,Dong Thap,10.678,105.5,cereals and tubers,Rice,KG,actual,Wholesale,VND,7425.0,0.3323
2017-07-15,An Giang,Chau Phu,An Giang,10.522,105.126,cereals and tubers,Rice,KG,actual,Wholesale,VND,7660.0,0.3415
2017-07-15,Dong Thap,Tam Nong,Dong Thap,10.678,105.5,cereals and tubers,Rice,KG,actual,Wholesale,VND,8030.0,0.358
2017-08-15,An Giang,Chau Phu,An Giang,10.522,105.126,cereals and tubers,Rice,KG,actual,Wholesale,VND,7900.0,0.3525
2017-08-15,Dong Thap,Tam Nong,Dong Thap,10.678,105.5,cereals and tubers,Rice,KG,actual,Wholesale,VND,7883.33,0.3518
2017-09-15,An Giang,Chau Phu,An Giang,10.522,105.126,cereals and tubers,Rice,KG,actual,Wholesale,VND,7750.0,0.346
2017-09-15,Dong Thap,Tam Nong,Dong Thap,10.678,105.5,cereals and tubers,Rice,KG,actual,Wholesale,VND,7740.0,0.3456
2017-10-15,An Giang,Chau Phu,An Giang,10.522,105.126,cereals and tubers,Rice,KG,actual,Wholesale,VND,7800.0,0.3471
2017-10-15,Dong Thap,Tam Nong,Dong Thap,10.678,105.5,cereals and tubers,Rice,KG,actual,Wholesale,VND,7975.0,0.3549
2017-11-15,An Giang,Chau Phu,An Giang,10.522,105.126,cereals and tubers,Rice,KG,actual,Wholesale,VND,8083.33,0.3591
2017-11-15,Dong Thap,Tam Nong,Dong Thap,10.678,105.5,cereals and tubers,Rice,KG,actual,Wholesale,VND,8187.5,0.3637
2017-12-15,An Giang,Chau Phu,An Giang,10.522,105.126,cereals and tubers,Rice,KG,actual,Wholesale,VND,8025.0,0.3571
2017-12-15,Dong Thap,Tam Nong,Dong Thap,10.678,105.5,cereals and tubers,Rice,KG,actual,Wholesale,VND,8080.0,0.3595
2018-01-15,An Giang,Chau Phu,An Giang,10.522,105.126,cereals and tubers,Rice,KG,actual,Wholesale,VND,8140.0,0.364
2018-01-15,Dong Thap,Tam Nong,Dong Thap,10.678,105.5,cereals and tubers,Rice,KG,actual,Wholesale,VND,7962.5,0.356
2018-02-15,An Giang,Chau Phu,An Giang,10.522,105.126,cereals and tubers,Rice,KG,actual,Wholesale,VND,8900.0,0.3924
2018-02-15,Dong Thap,Tam Nong,Dong Thap,10.678,105.5,cereals and tubers,Rice,KG,actual,Wholesale,VND,7950.0,0.3506
2018-03-15,An Giang,Chau Phu,An Giang,10.522,105.126,cereals and tubers,Rice,KG,actual,Wholesale,VND,8650.0,0.3805
2018-03-15,Dong Thap,Tam Nong,Dong Thap,10.678,105.5,cereals and tubers,Rice,KG,actual,Wholesale,VND,8850.0,0.3893
2018-04-15,An Giang,Chau Phu,An Giang,10.522,105.126,cereals and tubers,Rice,KG,actual,Wholesale,VND,8633.33,0.3837
2018-05-15,An Giang,Chau Phu,An Giang,10.522,105.126,cereals and tubers,Rice,KG,actual,Wholesale,VND,8900.0,0.3915
2018-06-15,An Giang,Chau Phu,An Giang,10.522,105.126,cereals and tubers,Rice,KG,actual,Wholesale,VND,8900.0,0.3907
2018-07-15,An Giang,Chau Phu,An Giang,10.522,105.126,cereals and tubers,Rice,KG,actual,Wholesale,VND,8825.0,0.3895
2018-08-15,An Giang,Chau Phu,An Giang,10.522,105.126,cereals and tubers,Rice,KG,actual,Wholesale,VND,8250.0,0.3544
2018-09-15,An Giang,Chau Phu,An Giang,10.522,105.126,cereals and tubers,Rice,KG,actual,Wholesale,VND,8253.33,0.3636
2018-10-15,An Giang,Chau Phu,An Giang,10.522,105.126,cereals and tubers,Rice,KG,actual,Wholesale,VND,8300.0,0.3561
2018-11-15,An Giang,Chau Phu,An Giang,10.522,105.126,cereals and tubers,Rice,KG,actual,Wholesale,VND,8283.33,0.3558
2019-01-15,An Giang,Chau Phu,An Giang,10.522,105.126,cereals and tubers,Rice,KG,actual,Wholesale,VND,8385.0,0.3615
2019-03-15,An Giang,Chau Phu,An Giang,10.522,105.126,cereals and tubers,Rice,KG,actual,Wholesale,VND,8320.0,0.3587
2019-04-15,An Giang,Chau Phu,An Giang,10.522,105.126,cereals and tubers,Rice,KG,actual,Wholesale,VND,8320.0,0.3644
2021-01-15,An Giang,Chau Phu,An Giang,10.522,105.126,cereals and tubers,Rice,KG,actual,Wholesale,VND,11600.0,0.5029
2021-01-15,Bac Lieu,Dong Hai,Bac Lieu,9.15,105.45,cereals and tubers,Rice,KG,actual,Wholesale,VND,11350.0,0.4921
2021-01-15,Dong Thap,Tam Nong,Dong Thap,10.678,105.5,cereals and tubers,Rice,KG,actual,Wholesale,VND,10625.0,0.4607
2021-02-15,An Giang,Chau Phu,An Giang,10.522,105.126,cereals and tubers,Rice,KG,actual,Wholesale,VND,11300.0,0.4911
2021-02-15,Bac Lieu,Dong Hai,Bac Lieu,9.15,105.45,cereals and tubers,Rice,KG,actual,Wholesale,VND,11400.0,0.4954
2021-02-15,Dong Thap,Tam Nong,Dong Thap,10.678,105.5,cereals and tubers,Rice,KG,actual,Wholesale,VND,10600.0,0.4607
2021-03-15,An Giang,Chau Phu,An Giang,10.522,105.126,cereals and tubers,Rice,KG,actual,Wholesale,VND,10912.5,0.4818
2021-03-15,Bac Lieu,Dong Hai,Bac Lieu,9.15,105.45,cereals and tubers,Rice,KG,actual,Wholesale,VND,10975.0,0.4845
2021-03-15,Dong Thap,Tam Nong,Dong Thap,10.678,105.5,cereals and tubers,Rice,KG,actual,Wholesale,VND,10637.5,0.4696
2021-04-15,An Giang,Chau Phu,An Giang,10.522,105.126,cereals and tubers,Rice,KG,actual,Wholesale,VND,10325.0,0.4474
2021-04-15,Bac Lieu,Dong Hai,Bac Lieu,9.15,105.45,cereals and tubers,Rice,KG,actual,Wholesale,VND,10275.0,0.4452
2021-04-15,Dong Thap,Tam Nong,Dong Thap,10.678,105.5,cereals and tubers,Rice,KG,actual,Wholesale,VND,9887.5,0.4284
2021-05-15,An Giang,Chau Phu,An Giang,10.522,105.126,cereals and tubers,Rice,KG,actual,Wholesale,VND,10225.0,0.4417
2021-05-15,Bac Lieu,Dong Hai,Bac Lieu,9.15,105.45,cereals and tubers,Rice,KG,actual,Wholesale,VND,10500.0,0.4536
2021-05-15,Dong Thap,Tam Nong,Dong Thap,10.678,105.5,cereals and tubers,Rice,KG,actual,Wholesale,VND,10137.5,0.438
2021-06-15,An Giang,Chau Phu,An Giang,10.522,105.126,cereals and tubers,Rice,KG,actual,Wholesale,VND,9475.0,0.413
2021-06-15,Bac Lieu,Dong Hai,Bac Lieu,9.15,105.45,cereals and tubers,Rice,KG,actual,Wholesale,VND,9550.0,0.4162
2021-06-15,Dong Thap,Tam Nong,Dong Thap,10.678,105.5,cereals and tubers,Rice,KG,actual,Wholesale,VND,9062.5,0.395
2021-07-15,An Giang,Chau Phu,An Giang,10.522,105.126,cereals and tubers,Rice,KG,actual,Wholesale,VND,8325.0,0.3618
2021-07-15,Bac Lieu,Dong Hai,Bac Lieu,9.15,105.45,cereals and tubers,Rice,KG,actual,Wholesale,VND,8950.0,0.3889
2021-07-15,Dong Thap,Tam Nong,Dong Thap,10.678,105.5,cereals and tubers,Rice,KG,actual,Wholesale,VND,8300.0,0.3607
2021-08-15,An Giang,Chau Phu,An Giang,10.522,105.126,cereals and tubers,Rice,KG,actual,Wholesale,VND,8100.0,0.3498
2021-08-15,Bac Lieu,Dong Hai,Bac Lieu,9.15,105.45,cereals and tubers,Rice,KG,actual,Wholesale,VND,8500.0,0.3671
2021-08-15,Dong Thap,Tam Nong,Dong Thap,10.678,105.5,cereals and tubers,Rice,KG,actual,Wholesale,VND,8000.0,0.3455
2021-09-15,An Giang,Chau Phu,An Giang,10.522,105.126,cereals and tubers,Rice,KG,actual,Wholesale,VND,8480.0,0.3726
2021-09-15,Bac Lieu,Dong Hai,Bac Lieu,9.15,105.45,cereals and tubers,Rice,KG,actual,Wholesale,VND,8660.0,0.3805
2021-09-15,Dong Thap,Tam Nong,Dong Thap,10.678,105.5,cereals and tubers,Rice,KG,actual,Wholesale,VND,8510.0,0.3739
2021-10-15,An Giang,Chau Phu,An Giang,10.522,105.126,cereals and tubers,Rice,KG,actual,Wholesale,VND,9150.0,0.4021
2021-10-15,Bac Lieu,Dong Hai,Bac Lieu,9.15,105.45,cereals and tubers,Rice,KG,actual,Wholesale,VND,9050.0,0.3977
2021-10-15,Dong Thap,Tam Nong,Dong Thap,10.678,105.5,cereals and tubers,Rice,KG,actual,Wholesale,VND,8800.0,0.3867
2021-11-15,An Giang,Chau Phu,An Giang,10.522,105.126,cereals and tubers,Rice,KG,actual,Wholesale,VND,9025.0,0.3986
2021-11-15,Bac Lieu,Dong Hai,Bac Lieu,9.15,105.45,cereals and tubers,Rice,KG,actual,Wholesale,VND,9125.0,0.403
2021-11-15,Dong Thap,Tam Nong,Dong Thap,10.678,105.5,cereals and tubers,Rice,KG,actual,Wholesale,VND,8675.0,0.3832
2021-12-15,An Giang,Chau Phu,An Giang,10.522,105.126,cereals and tubers,Rice,KG,actual,Wholesale,VND,8220.0,0.3574
2021-12-15,Bac Lieu,Dong Hai,Bac Lieu,9.15,105.45,cereals and tubers,Rice,KG,actual,Wholesale,VND,8560.0,0.3722
2021-12-15,Dong Thap,Tam Nong,Dong Thap,10.678,105.5,cereals and tubers,Rice,KG,actual,Wholesale,VND,8100.0,0.3522
2022-01-15,An Giang,Chau Phu,An Giang,10.522,105.126,cereals and tubers,Rice,KG,actual,Wholesale,VND,8433.0,0.3647
2022-01-15,Bac Lieu,Dong Hai,Bac Lieu,9.15,105.45,cereals and tubers,Rice,KG,actual,Wholesale,VND,8333.0,0.3604
2022-01-15,Dong Thap,Tam Nong,Dong Thap,10.678,105.5,cereals and tubers,Rice,KG,actual,Wholesale,VND,8150.0,0.3525
2022-02-15,An Giang,Chau Phu,An Giang,10.522,105.126,cereals and tubers,Rice,KG,actual,Wholesale,VND,8566.67,0.377
2022-02-15,Bac Lieu,Dong Hai,Bac Lieu,9.15,105.45,cereals and tubers,Rice,KG,actual,Wholesale,VND,8200.0,0.3608
2022-02-15,Dong Thap,Tam Nong,Dong Thap,10.678,105.5,cereals and tubers,Rice,KG,actual,Wholesale,VND,8316.67,0.366
2022-03-15,An Giang,Chau Phu,An Giang,10.522,105.126,cereals and tubers,Rice,KG,actual,Wholesale,VND,8600.0,0.3757
2022-03-15,Bac Lieu,Dong Hai,Bac Lieu,9.15,105.45,cereals and tubers,Rice,KG,actual,Wholesale,VND,8340.0,0.3644
2022-03-15,Dong Thap,Tam Nong,Dong Thap,10.678,105.5,cereals and tubers,Rice,KG,actual,Wholesale,VND,8430.0,0.3683
2022-04-15,An Giang,Chau Phu,An Giang,10.522,105.126,cereals and tubers,Rice,KG,actual,Wholesale,VND,8375.0,0.3657
2022-04-15,Bac Lieu,Dong Hai,Bac Lieu,9.15,105.45,cereals and tubers,Rice,KG,actual,Wholesale,VND,8400.0,0.3668
2022-04-15,Dong Thap,Tam Nong,Dong Thap,10.678,105.5,cereals and tubers,Rice,KG,actual,Wholesale,VND,8350.0,0.3646
2022-05-15,An Giang,Chau Phu,An Giang,10.522,105.126,cereals and tubers,Rice,KG,actual,Wholesale,VND,8600.0,0.3723
2022-05-15,Bac Lieu,Dong Hai,Bac Lieu,9.15,105.45,cereals and tubers,Rice,KG,actual,Wholesale,VND,8400.0,0.3636
2022-05-15,Dong Thap,Tam Nong,Dong Thap,10.678,105.5,cereals and tubers,Rice,KG,actual,Wholesale,VND,8625.0,0.3734
2022-06-15,An Giang,Chau Phu,An Giang,10.522,105.126,cereals and tubers,Rice,KG,actual,Wholesale,VND,8600.0,0.3705
2022-06-15,Bac Lieu,Dong Hai,Bac Lieu,9.15,105.45,cereals and tubers,Rice,KG,actual,Wholesale,VND,8400.0,0.3619
2022-06-15,Dong Thap,Tam Nong,Dong Thap,10.678,105.5,cereals and tubers,Rice,KG,actual,Wholesale,VND,8625.0,0.3716
2021-06-15,An Giang,Chau Phu,An Giang,10.522,105.126,cereals and tubers,Rice,KG,forecast,Wholesale,VND,0.0,0.0
2021-06-15,Dong Thap,Tam Nong,Dong Thap,10.678,105.5,cereals and tubers,Rice,KG,forecast,Wholesale,VND,0.0,0.0
2021-07-15,An Giang,Chau Phu,An Giang,10.522,105.126,cereals and tubers,Rice,KG,forecast,Wholesale,VND,0.0,0.0
2021-07-15,Dong Thap,Tam Nong,Dong Thap,10.678,105.5,cereals and tubers,Rice,KG,forecast,Wholesale,VND,0.0,0.0
2021-08-15,An Giang,Chau Phu,An Giang,10.522,105.126,cereals and tubers,Rice,KG,forecast,Wholesale,VND,0.0,0.0
2021-08-15,Dong Thap,Tam Nong,Dong Thap,10.678,105.5,cereals and tubers,Rice,KG,forecast,Wholesale,VND,0.0,0.0
2021-09-15,An Giang,Chau Phu,An Giang,10.522,105.126,cereals and tubers,Rice,KG,forecast,Wholesale,VND,0.0,0.0
2021-09-15,Dong Thap,Tam Nong,Dong Thap,10.678,105.5,cereals and tubers,Rice,KG,forecast,Wholesale,VND,0.0,0.0
2021-10-15,An Giang,Chau Phu,An Giang,10.522,105.126,cereals and tubers,Rice,KG,forecast,Wholesale,VND,0.0,0.0
2021-10-15,Dong Thap,Tam Nong,Dong Thap,10.678,105.5,cereals and tubers,Rice,KG,forecast,Wholesale,VND,0.0,0.0
2021-11-15,An Giang,Chau Phu,An Giang,10.522,105.126,cereals and tubers,Rice,KG,forecast,Wholesale,VND,0.0,0.0
2021-11-15,Dong Thap,Tam Nong,Dong Thap,10.678,105.5,cereals and tubers,Rice,KG,forecast,Wholesale,VND,0.0,0.0
2021-12-15,An Giang,Chau Phu,An Giang,10.522,105.126,cereals and tubers,Rice,KG,forecast,Wholesale,VND,0.0,0.0
2021-12-15,Dong Thap,Tam Nong,Dong Thap,10.678,105.5,cereals and tubers,Rice,KG,forecast,Wholesale,VND,0.0,0.0
2022-01-15,An Giang,Chau Phu,An Giang,10.522,105.126,cereals and tubers,Rice,KG,forecast,Wholesale,VND,0.0,0.0
2022-01-15,Dong Thap,Tam Nong,Dong Thap,10.678,105.5,cereals and tubers,Rice,KG,forecast,Wholesale,VND,0.0,0.0
2022-02-15,An Giang,Chau Phu,An Giang,10.522,105.126,cereals and tubers,Rice,KG,forecast,Wholesale,VND,0.0,0.0
2022-02-15,Dong Thap,Tam Nong,Dong Thap,10.678,105.5,cereals and tubers,Rice,KG,forecast,Wholesale,VND,0.0,0.0
2022-03-15,An Giang,Chau Phu,An Giang,10.522,105.126,cereals and tubers,Rice,KG,forecast,Wholesale,VND,0.0,0.0
2022-03-15,Dong Thap,Tam Nong,Dong Thap,10.678,105.5,cereals and tubers,Rice,KG,forecast,Wholesale,VND,0.0,0.0
2022-04-15,An Giang,Chau Phu,An Giang,10.522,105.126,cereals and tubers,Rice,KG,forecast,Wholesale,VND,0.0,0.0
2022-04-15,Dong Thap,Tam Nong,Dong Thap,10.678,105.5,cereals and tubers,Rice,KG,forecast,Wholesale,VND,0.0,0.0
2022-05-15,An Giang,Chau Phu,An Giang,10.522,105.126,cereals and tubers,Rice,KG,forecast,Wholesale,VND,0.0,0.0
2022-05-15,Dong Thap,Tam Nong,Dong Thap,10.678,105.5,cereals and tubers,Rice,KG,forecast,Wholesale,VND,0.0,0.0
2022-06-15,An Giang,Chau Phu,An Giang,10.522,105.126,cereals and tubers,Rice,KG,forecast,Wholesale,VND,0.0,0.0
2022-06-15,Dong Thap,Tam Nong,Dong Thap,10.678,105.5,cereals and tubers,Rice,KG,forecast,Wholesale,VND,0.0,0.0
2022-07-15,An Giang,Chau Phu,An Giang,10.522,105.126,cereals and tubers,Rice,KG,forecast,Wholesale,VND,0.0,0.0
2022-07-15,Dong Thap,Tam Nong,Dong Thap,10.678,105.5,cereals and tubers,Rice,KG,forecast,Wholesale,VND,0.0,0.0
2022-08-15,An Giang,Chau Phu,An Giang,10.522,105.126,cereals and tubers,Rice,KG,forecast,Wholesale,VND,0.0,0.0
2022-08-15,Dong Thap,Tam Nong,Dong Thap,10.678,105.5,cereals and tubers,Rice,KG,forecast,Wholesale,VND,0.0,0.0
