index,Year,Months,Element,Unit,Value
2023,1992,Annual value,KG,USD,0.09
2024,1993,Annual value,KG,USD,0.13
2025,1994,Annual value,KG,USD,0.15
2026,1995,Annual value,KG,USD,0.21
2027,1996,Annual value,KG,USD,0.18
2028,1997,Annual value,KG,USD,0.17
2029,1998,Annual value,KG,USD,0.16
2030,1999,Annual value,KG,USD,0.11
2031,2000,Annual value,KG,USD,0.1
2032,2001,Annual value,KG,USD,0.11
2033,2002,Annual value,KG,USD,0.12
2034,2003,Annual value,KG,USD,0.11
2035,2004,Annual value,KG,USD,0.13
2036,2005,Annual value,KG,USD,0.15
2037,2006,Annual value,KG,USD,0.14
2038,2007,Annual value,KG,USD,0.18
2039,2008,Annual value,KG,USD,0.25
2040,2009,Annual value,KG,USD,0.21
2041,2010,Annual value,KG,USD,0.24
2042,2011,Annual value,KG,USD,0.27
2043,2012,Annual value,KG,USD,0.27
