Country,Year,datenum,avg_usdprices
Cambodia,2004,12432.0,0.17
Cambodia,2005,12798.0,0.22
Cambodia,2006,13163.0,0.25
Cambodia,2007,13528.0,0.22
Cambodia,2008,13893.0,0.29
Cambodia,2009,14259.0,0.46
Cambodia,2010,14624.0,0.36
Cambodia,2011,14989.0,0.4
Cambodia,2012,15354.0,0.45
Cambodia,2013,15720.0,0.45
Cambodia,2014,16085.0,0.44
Cambodia,2015,16450.0,0.76
Cambodia,2016,16815.0,0.41
Cambodia,2017,17181.0,0.42
Cambodia,2018,17546.0,0.42
Cambodia,2019,17911.0,0.44
Cambodia,2020,18276.0,0.46
Cambodia,2021,18642.0,0.42
Cambodia,2022,19007.0,0.43
