Country Name,Country ISO3,Year,Indicator Name,Indicator Code,Value
#country+name,#country+code,#date+year,#indicator+name,#indicator+code,#indicator+value+num
Cambodia,KHM,2020,Energy intensity level of primary energy (MJ/$2017 PPP GDP),EG.EGY.PRIM.PP.KD,5.09
Cambodia,KHM,2019,Energy intensity level of primary energy (MJ/$2017 PPP GDP),EG.EGY.PRIM.PP.KD,4.85
Cambodia,KHM,2018,Energy intensity level of primary energy (MJ/$2017 PPP GDP),EG.EGY.PRIM.PP.KD,4.58
Cambodia,KHM,2017,Energy intensity level of primary energy (MJ/$2017 PPP GDP),EG.EGY.PRIM.PP.KD,4.59
Cambodia,KHM,2016,Energy intensity level of primary energy (MJ/$2017 PPP GDP),EG.EGY.PRIM.PP.KD,4.74
Cambodia,KHM,2015,Energy intensity level of primary energy (MJ/$2017 PPP GDP),EG.EGY.PRIM.PP.KD,4.58
Cambodia,KHM,2014,Energy intensity level of primary energy (MJ/$2017 PPP GDP),EG.EGY.PRIM.PP.KD,4.5
Cambodia,KHM,2013,Energy intensity level of primary energy (MJ/$2017 PPP GDP),EG.EGY.PRIM.PP.KD,4.47
Cambodia,KHM,2012,Energy intensity level of primary energy (MJ/$2017 PPP GDP),EG.EGY.PRIM.PP.KD,4.68
Cambodia,KHM,2011,Energy intensity level of primary energy (MJ/$2017 PPP GDP),EG.EGY.PRIM.PP.KD,4.81
Cambodia,KHM,2010,Energy intensity level of primary energy (MJ/$2017 PPP GDP),EG.EGY.PRIM.PP.KD,5.05
Cambodia,KHM,2009,Energy intensity level of primary energy (MJ/$2017 PPP GDP),EG.EGY.PRIM.PP.KD,5.07
Cambodia,KHM,2008,Energy intensity level of primary energy (MJ/$2017 PPP GDP),EG.EGY.PRIM.PP.KD,4.76
Cambodia,KHM,2007,Energy intensity level of primary energy (MJ/$2017 PPP GDP),EG.EGY.PRIM.PP.KD,5.03
Cambodia,KHM,2006,Energy intensity level of primary energy (MJ/$2017 PPP GDP),EG.EGY.PRIM.PP.KD,5.31
Cambodia,KHM,2005,Energy intensity level of primary energy (MJ/$2017 PPP GDP),EG.EGY.PRIM.PP.KD,5.73
Cambodia,KHM,2004,Energy intensity level of primary energy (MJ/$2017 PPP GDP),EG.EGY.PRIM.PP.KD,6.23
Cambodia,KHM,2003,Energy intensity level of primary energy (MJ/$2017 PPP GDP),EG.EGY.PRIM.PP.KD,6.69
Cambodia,KHM,2002,Energy intensity level of primary energy (MJ/$2017 PPP GDP),EG.EGY.PRIM.PP.KD,7.05
Cambodia,KHM,2001,Energy intensity level of primary energy (MJ/$2017 PPP GDP),EG.EGY.PRIM.PP.KD,7.51
Cambodia,KHM,2000,Energy intensity level of primary energy (MJ/$2017 PPP GDP),EG.EGY.PRIM.PP.KD,7.91
Cambodia,KHM,2021,"Access to electricity, rural (% of rural population)",EG.ELC.ACCS.RU.ZS,77.1282417951583
Cambodia,KHM,2020,"Access to electricity, rural (% of rural population)",EG.ELC.ACCS.RU.ZS,82.9139796498157
Cambodia,KHM,2019,"Access to electricity, rural (% of rural population)",EG.ELC.ACCS.RU.ZS,79.9697551445841
Cambodia,KHM,2018,"Access to electricity, rural (% of rural population)",EG.ELC.ACCS.RU.ZS,75.0015691174528
Cambodia,KHM,2017,"Access to electricity, rural (% of rural population)",EG.ELC.ACCS.RU.ZS,86.0893433811782
Cambodia,KHM,2016,"Access to electricity, rural (% of rural population)",EG.ELC.ACCS.RU.ZS,60.7155114163324
Cambodia,KHM,2015,"Access to electricity, rural (% of rural population)",EG.ELC.ACCS.RU.ZS,53.2793106529743
Cambodia,KHM,2014,"Access to electricity, rural (% of rural population)",EG.ELC.ACCS.RU.ZS,44.7267541240609
Cambodia,KHM,2013,"Access to electricity, rural (% of rural population)",EG.ELC.ACCS.RU.ZS,38.9310814161177
Cambodia,KHM,2012,"Access to electricity, rural (% of rural population)",EG.ELC.ACCS.RU.ZS,28.4691838596639
Cambodia,KHM,2011,"Access to electricity, rural (% of rural population)",EG.ELC.ACCS.RU.ZS,22.7787304057088
Cambodia,KHM,2010,"Access to electricity, rural (% of rural population)",EG.ELC.ACCS.RU.ZS,15.7724374174408
Cambodia,KHM,2009,"Access to electricity, rural (% of rural population)",EG.ELC.ACCS.RU.ZS,11.7622602038327
Cambodia,KHM,2008,"Access to electricity, rural (% of rural population)",EG.ELC.ACCS.RU.ZS,11.6540448491431
Cambodia,KHM,2007,"Access to electricity, rural (% of rural population)",EG.ELC.ACCS.RU.ZS,6.49239001928998
Cambodia,KHM,2006,"Access to electricity, rural (% of rural population)",EG.ELC.ACCS.RU.ZS,16.1076391274395
Cambodia,KHM,2005,"Access to electricity, rural (% of rural population)",EG.ELC.ACCS.RU.ZS,9.51645168723124
Cambodia,KHM,2004,"Access to electricity, rural (% of rural population)",EG.ELC.ACCS.RU.ZS,0.800583551541184
Cambodia,KHM,2003,"Access to electricity, rural (% of rural population)",EG.ELC.ACCS.RU.ZS,7.64989609811882
Cambodia,KHM,2002,"Access to electricity, rural (% of rural population)",EG.ELC.ACCS.RU.ZS,0.56181318999066
Cambodia,KHM,2000,"Access to electricity, rural (% of rural population)",EG.ELC.ACCS.RU.ZS,6.55523995348674
Cambodia,KHM,1998,"Access to electricity, rural (% of rural population)",EG.ELC.ACCS.RU.ZS,10.2821629724107
Cambodia,KHM,2021,"Access to electricity, urban (% of urban population)",EG.ELC.ACCS.UR.ZS,98.9114227294922
Cambodia,KHM,2020,"Access to electricity, urban (% of urban population)",EG.ELC.ACCS.UR.ZS,97.3
Cambodia,KHM,2019,"Access to electricity, urban (% of urban population)",EG.ELC.ACCS.UR.ZS,96.9
Cambodia,KHM,2018,"Access to electricity, urban (% of urban population)",EG.ELC.ACCS.UR.ZS,99.369873046875
Cambodia,KHM,2017,"Access to electricity, urban (% of urban population)",EG.ELC.ACCS.UR.ZS,99.06
Cambodia,KHM,2016,"Access to electricity, urban (% of urban population)",EG.ELC.ACCS.UR.ZS,96.3487014770508
Cambodia,KHM,2015,"Access to electricity, urban (% of urban population)",EG.ELC.ACCS.UR.ZS,95.8308486938477
Cambodia,KHM,2014,"Access to electricity, urban (% of urban population)",EG.ELC.ACCS.UR.ZS,96.9
Cambodia,KHM,2013,"Access to electricity, urban (% of urban population)",EG.ELC.ACCS.UR.ZS,94.8214340209961
Cambodia,KHM,2012,"Access to electricity, urban (% of urban population)",EG.ELC.ACCS.UR.ZS,94.2143859863281
Cambodia,KHM,2011,"Access to electricity, urban (% of urban population)",EG.ELC.ACCS.UR.ZS,93.5393600463867
Cambodia,KHM,2010,"Access to electricity, urban (% of urban population)",EG.ELC.ACCS.UR.ZS,91.3
Cambodia,KHM,2009,"Access to electricity, urban (% of urban population)",EG.ELC.ACCS.UR.ZS,81.1939697265625
Cambodia,KHM,2008,"Access to electricity, urban (% of urban population)",EG.ELC.ACCS.UR.ZS,87
Cambodia,KHM,2007,"Access to electricity, urban (% of urban population)",EG.ELC.ACCS.UR.ZS,77.1028671264648
Cambodia,KHM,2006,"Access to electricity, urban (% of urban population)",EG.ELC.ACCS.UR.ZS,75.0831680297852
Cambodia,KHM,2005,"Access to electricity, urban (% of urban population)",EG.ELC.ACCS.UR.ZS,66.8
Cambodia,KHM,2004,"Access to electricity, urban (% of urban population)",EG.ELC.ACCS.UR.ZS,71.1202850341797
Cambodia,KHM,2003,"Access to electricity, urban (% of urban population)",EG.ELC.ACCS.UR.ZS,69.1702117919922
Cambodia,KHM,2002,"Access to electricity, urban (% of urban population)",EG.ELC.ACCS.UR.ZS,67.2319183349609
Cambodia,KHM,2001,"Access to electricity, urban (% of urban population)",EG.ELC.ACCS.UR.ZS,65.2984771728516
Cambodia,KHM,2000,"Access to electricity, urban (% of urban population)",EG.ELC.ACCS.UR.ZS,60.6
Cambodia,KHM,1999,"Access to electricity, urban (% of urban population)",EG.ELC.ACCS.UR.ZS,59.279369354248
Cambodia,KHM,1998,"Access to electricity, urban (% of urban population)",EG.ELC.ACCS.UR.ZS,55.98
Cambodia,KHM,2021,Access to electricity (% of population),EG.ELC.ACCS.ZS,82.5017166137695
Cambodia,KHM,2020,Access to electricity (% of population),EG.ELC.ACCS.ZS,86.4
Cambodia,KHM,2019,Access to electricity (% of population),EG.ELC.ACCS.ZS,84
Cambodia,KHM,2018,Access to electricity (% of population),EG.ELC.ACCS.ZS,80.7008285522461
Cambodia,KHM,2017,Access to electricity (% of population),EG.ELC.ACCS.ZS,89.07
Cambodia,KHM,2016,Access to electricity (% of population),EG.ELC.ACCS.ZS,68.7621994018555
Cambodia,KHM,2015,Access to electricity (% of population),EG.ELC.ACCS.ZS,62.720645904541
Cambodia,KHM,2014,Access to electricity (% of population),EG.ELC.ACCS.ZS,56.1
Cambodia,KHM,2013,Access to electricity (% of population),EG.ELC.ACCS.ZS,50.9
Cambodia,KHM,2012,Access to electricity (% of population),EG.ELC.ACCS.ZS,42.3
Cambodia,KHM,2011,Access to electricity (% of population),EG.ELC.ACCS.ZS,37.4
Cambodia,KHM,2010,Access to electricity (% of population),EG.ELC.ACCS.ZS,31.1
Cambodia,KHM,2009,Access to electricity (% of population),EG.ELC.ACCS.ZS,25.6
Cambodia,KHM,2008,Access to electricity (% of population),EG.ELC.ACCS.ZS,26.4
Cambodia,KHM,2007,Access to electricity (% of population),EG.ELC.ACCS.ZS,20.2
Cambodia,KHM,2006,Access to electricity (% of population),EG.ELC.ACCS.ZS,27.4857883453369
Cambodia,KHM,2005,Access to electricity (% of population),EG.ELC.ACCS.ZS,20.5
Cambodia,KHM,2004,Access to electricity (% of population),EG.ELC.ACCS.ZS,14.2
Cambodia,KHM,2003,Access to electricity (% of population),EG.ELC.ACCS.ZS,19.3
Cambodia,KHM,2002,Access to electricity (% of population),EG.ELC.ACCS.ZS,13.1091279983521
Cambodia,KHM,2001,Access to electricity (% of population),EG.ELC.ACCS.ZS,9.52857398986816
Cambodia,KHM,2000,Access to electricity (% of population),EG.ELC.ACCS.ZS,16.6
Cambodia,KHM,1999,Access to electricity (% of population),EG.ELC.ACCS.ZS,8.82003688812256
Cambodia,KHM,1998,Access to electricity (% of population),EG.ELC.ACCS.ZS,18.67
Cambodia,KHM,2020,Renewable energy consumption (% of total final energy consumption),EG.FEC.RNEW.ZS,51.41
Cambodia,KHM,2019,Renewable energy consumption (% of total final energy consumption),EG.FEC.RNEW.ZS,53.05
Cambodia,KHM,2018,Renewable energy consumption (% of total final energy consumption),EG.FEC.RNEW.ZS,58.15
Cambodia,KHM,2017,Renewable energy consumption (% of total final energy consumption),EG.FEC.RNEW.ZS,56.32
Cambodia,KHM,2016,Renewable energy consumption (% of total final energy consumption),EG.FEC.RNEW.ZS,58
Cambodia,KHM,2015,Renewable energy consumption (% of total final energy consumption),EG.FEC.RNEW.ZS,60.63
Cambodia,KHM,2014,Renewable energy consumption (% of total final energy consumption),EG.FEC.RNEW.ZS,63.7
Cambodia,KHM,2013,Renewable energy consumption (% of total final energy consumption),EG.FEC.RNEW.ZS,64.97
Cambodia,KHM,2012,Renewable energy consumption (% of total final energy consumption),EG.FEC.RNEW.ZS,64.36
Cambodia,KHM,2011,Renewable energy consumption (% of total final energy consumption),EG.FEC.RNEW.ZS,63.99
Cambodia,KHM,2010,Renewable energy consumption (% of total final energy consumption),EG.FEC.RNEW.ZS,64.82
Cambodia,KHM,2009,Renewable energy consumption (% of total final energy consumption),EG.FEC.RNEW.ZS,68.04
Cambodia,KHM,2008,Renewable energy consumption (% of total final energy consumption),EG.FEC.RNEW.ZS,74.13
Cambodia,KHM,2007,Renewable energy consumption (% of total final energy consumption),EG.FEC.RNEW.ZS,74.79
Cambodia,KHM,2006,Renewable energy consumption (% of total final energy consumption),EG.FEC.RNEW.ZS,78.01
Cambodia,KHM,2005,Renewable energy consumption (% of total final energy consumption),EG.FEC.RNEW.ZS,79.24
Cambodia,KHM,2004,Renewable energy consumption (% of total final energy consumption),EG.FEC.RNEW.ZS,80.69
Cambodia,KHM,2003,Renewable energy consumption (% of total final energy consumption),EG.FEC.RNEW.ZS,79.92
Cambodia,KHM,2002,Renewable energy consumption (% of total final energy consumption),EG.FEC.RNEW.ZS,80.97
Cambodia,KHM,2001,Renewable energy consumption (% of total final energy consumption),EG.FEC.RNEW.ZS,80.51
Cambodia,KHM,2000,Renewable energy consumption (% of total final energy consumption),EG.FEC.RNEW.ZS,81.58
Cambodia,KHM,1999,Renewable energy consumption (% of total final energy consumption),EG.FEC.RNEW.ZS,81.53
Cambodia,KHM,1998,Renewable energy consumption (% of total final energy consumption),EG.FEC.RNEW.ZS,81.33
Cambodia,KHM,1997,Renewable energy consumption (% of total final energy consumption),EG.FEC.RNEW.ZS,82.21
Cambodia,KHM,1996,Renewable energy consumption (% of total final energy consumption),EG.FEC.RNEW.ZS,82.52
Cambodia,KHM,1995,Renewable energy consumption (% of total final energy consumption),EG.FEC.RNEW.ZS,82.54
Cambodia,KHM,2016,CO2 emissions from gaseous fuel consumption (% of total),EN.ATM.CO2E.GF.ZS,0
Cambodia,KHM,2015,CO2 emissions from gaseous fuel consumption (% of total),EN.ATM.CO2E.GF.ZS,0
Cambodia,KHM,2014,CO2 emissions from gaseous fuel consumption (% of total),EN.ATM.CO2E.GF.ZS,0
Cambodia,KHM,2013,CO2 emissions from gaseous fuel consumption (% of total),EN.ATM.CO2E.GF.ZS,0
Cambodia,KHM,2012,CO2 emissions from gaseous fuel consumption (% of total),EN.ATM.CO2E.GF.ZS,0
Cambodia,KHM,2011,CO2 emissions from gaseous fuel consumption (% of total),EN.ATM.CO2E.GF.ZS,0
Cambodia,KHM,2010,CO2 emissions from gaseous fuel consumption (% of total),EN.ATM.CO2E.GF.ZS,0
Cambodia,KHM,2009,CO2 emissions from gaseous fuel consumption (% of total),EN.ATM.CO2E.GF.ZS,0
Cambodia,KHM,2008,CO2 emissions from gaseous fuel consumption (% of total),EN.ATM.CO2E.GF.ZS,0
Cambodia,KHM,2007,CO2 emissions from gaseous fuel consumption (% of total),EN.ATM.CO2E.GF.ZS,0
Cambodia,KHM,2006,CO2 emissions from gaseous fuel consumption (% of total),EN.ATM.CO2E.GF.ZS,0
Cambodia,KHM,2005,CO2 emissions from gaseous fuel consumption (% of total),EN.ATM.CO2E.GF.ZS,0
Cambodia,KHM,2004,CO2 emissions from gaseous fuel consumption (% of total),EN.ATM.CO2E.GF.ZS,0
Cambodia,KHM,2003,CO2 emissions from gaseous fuel consumption (% of total),EN.ATM.CO2E.GF.ZS,0
Cambodia,KHM,2002,CO2 emissions from gaseous fuel consumption (% of total),EN.ATM.CO2E.GF.ZS,0
Cambodia,KHM,2001,CO2 emissions from gaseous fuel consumption (% of total),EN.ATM.CO2E.GF.ZS,0
Cambodia,KHM,2000,CO2 emissions from gaseous fuel consumption (% of total),EN.ATM.CO2E.GF.ZS,0
Cambodia,KHM,1999,CO2 emissions from gaseous fuel consumption (% of total),EN.ATM.CO2E.GF.ZS,0
Cambodia,KHM,1998,CO2 emissions from gaseous fuel consumption (% of total),EN.ATM.CO2E.GF.ZS,0
Cambodia,KHM,1997,CO2 emissions from gaseous fuel consumption (% of total),EN.ATM.CO2E.GF.ZS,0
Cambodia,KHM,1996,CO2 emissions from gaseous fuel consumption (% of total),EN.ATM.CO2E.GF.ZS,0
Cambodia,KHM,1995,CO2 emissions from gaseous fuel consumption (% of total),EN.ATM.CO2E.GF.ZS,0
Cambodia,KHM,1994,CO2 emissions from gaseous fuel consumption (% of total),EN.ATM.CO2E.GF.ZS,0
Cambodia,KHM,1993,CO2 emissions from gaseous fuel consumption (% of total),EN.ATM.CO2E.GF.ZS,0
Cambodia,KHM,1992,CO2 emissions from gaseous fuel consumption (% of total),EN.ATM.CO2E.GF.ZS,0
Cambodia,KHM,1991,CO2 emissions from gaseous fuel consumption (% of total),EN.ATM.CO2E.GF.ZS,0
Cambodia,KHM,1990,CO2 emissions from gaseous fuel consumption (% of total),EN.ATM.CO2E.GF.ZS,0
Cambodia,KHM,1989,CO2 emissions from gaseous fuel consumption (% of total),EN.ATM.CO2E.GF.ZS,0
Cambodia,KHM,1988,CO2 emissions from gaseous fuel consumption (% of total),EN.ATM.CO2E.GF.ZS,0
Cambodia,KHM,1987,CO2 emissions from gaseous fuel consumption (% of total),EN.ATM.CO2E.GF.ZS,0
Cambodia,KHM,1986,CO2 emissions from gaseous fuel consumption (% of total),EN.ATM.CO2E.GF.ZS,0
Cambodia,KHM,1985,CO2 emissions from gaseous fuel consumption (% of total),EN.ATM.CO2E.GF.ZS,0
Cambodia,KHM,1984,CO2 emissions from gaseous fuel consumption (% of total),EN.ATM.CO2E.GF.ZS,0
Cambodia,KHM,1983,CO2 emissions from gaseous fuel consumption (% of total),EN.ATM.CO2E.GF.ZS,0
Cambodia,KHM,1982,CO2 emissions from gaseous fuel consumption (% of total),EN.ATM.CO2E.GF.ZS,0
Cambodia,KHM,1981,CO2 emissions from gaseous fuel consumption (% of total),EN.ATM.CO2E.GF.ZS,0
Cambodia,KHM,1980,CO2 emissions from gaseous fuel consumption (% of total),EN.ATM.CO2E.GF.ZS,0
Cambodia,KHM,1979,CO2 emissions from gaseous fuel consumption (% of total),EN.ATM.CO2E.GF.ZS,0
Cambodia,KHM,1978,CO2 emissions from gaseous fuel consumption (% of total),EN.ATM.CO2E.GF.ZS,0
Cambodia,KHM,1977,CO2 emissions from gaseous fuel consumption (% of total),EN.ATM.CO2E.GF.ZS,0
Cambodia,KHM,1976,CO2 emissions from gaseous fuel consumption (% of total),EN.ATM.CO2E.GF.ZS,0
Cambodia,KHM,1975,CO2 emissions from gaseous fuel consumption (% of total),EN.ATM.CO2E.GF.ZS,0
Cambodia,KHM,1974,CO2 emissions from gaseous fuel consumption (% of total),EN.ATM.CO2E.GF.ZS,0
Cambodia,KHM,1973,CO2 emissions from gaseous fuel consumption (% of total),EN.ATM.CO2E.GF.ZS,0
Cambodia,KHM,1972,CO2 emissions from gaseous fuel consumption (% of total),EN.ATM.CO2E.GF.ZS,0
Cambodia,KHM,1971,CO2 emissions from gaseous fuel consumption (% of total),EN.ATM.CO2E.GF.ZS,0
Cambodia,KHM,1970,CO2 emissions from gaseous fuel consumption (% of total),EN.ATM.CO2E.GF.ZS,0
Cambodia,KHM,1969,CO2 emissions from gaseous fuel consumption (% of total),EN.ATM.CO2E.GF.ZS,0
Cambodia,KHM,1968,CO2 emissions from gaseous fuel consumption (% of total),EN.ATM.CO2E.GF.ZS,0
Cambodia,KHM,1967,CO2 emissions from gaseous fuel consumption (% of total),EN.ATM.CO2E.GF.ZS,0
Cambodia,KHM,1966,CO2 emissions from gaseous fuel consumption (% of total),EN.ATM.CO2E.GF.ZS,0
Cambodia,KHM,1965,CO2 emissions from gaseous fuel consumption (% of total),EN.ATM.CO2E.GF.ZS,0
Cambodia,KHM,1964,CO2 emissions from gaseous fuel consumption (% of total),EN.ATM.CO2E.GF.ZS,0
Cambodia,KHM,1963,CO2 emissions from gaseous fuel consumption (% of total),EN.ATM.CO2E.GF.ZS,0
Cambodia,KHM,1962,CO2 emissions from gaseous fuel consumption (% of total),EN.ATM.CO2E.GF.ZS,0
Cambodia,KHM,1961,CO2 emissions from gaseous fuel consumption (% of total),EN.ATM.CO2E.GF.ZS,0
Cambodia,KHM,1960,CO2 emissions from gaseous fuel consumption (% of total),EN.ATM.CO2E.GF.ZS,0
Cambodia,KHM,2016,CO2 emissions from liquid fuel consumption (kt),EN.ATM.CO2E.LF.KT,6435.585
Cambodia,KHM,2015,CO2 emissions from liquid fuel consumption (kt),EN.ATM.CO2E.LF.KT,5559.172
Cambodia,KHM,2014,CO2 emissions from liquid fuel consumption (kt),EN.ATM.CO2E.LF.KT,5031.124
Cambodia,KHM,2013,CO2 emissions from liquid fuel consumption (kt),EN.ATM.CO2E.LF.KT,4869.776
Cambodia,KHM,2012,CO2 emissions from liquid fuel consumption (kt),EN.ATM.CO2E.LF.KT,4906.446
Cambodia,KHM,2011,CO2 emissions from liquid fuel consumption (kt),EN.ATM.CO2E.LF.KT,4708.428
Cambodia,KHM,2010,CO2 emissions from liquid fuel consumption (kt),EN.ATM.CO2E.LF.KT,4682.759
Cambodia,KHM,2009,CO2 emissions from liquid fuel consumption (kt),EN.ATM.CO2E.LF.KT,4180.38
Cambodia,KHM,2008,CO2 emissions from liquid fuel consumption (kt),EN.ATM.CO2E.LF.KT,3512.986
Cambodia,KHM,2007,CO2 emissions from liquid fuel consumption (kt),EN.ATM.CO2E.LF.KT,3421.311
Cambodia,KHM,2006,CO2 emissions from liquid fuel consumption (kt),EN.ATM.CO2E.LF.KT,2999.606
Cambodia,KHM,2005,CO2 emissions from liquid fuel consumption (kt),EN.ATM.CO2E.LF.KT,2775.919
Cambodia,KHM,2004,CO2 emissions from liquid fuel consumption (kt),EN.ATM.CO2E.LF.KT,2445.889
Cambodia,KHM,2003,CO2 emissions from liquid fuel consumption (kt),EN.ATM.CO2E.LF.KT,2379.883
Cambodia,KHM,2002,CO2 emissions from liquid fuel consumption (kt),EN.ATM.CO2E.LF.KT,2207.534
Cambodia,KHM,2001,CO2 emissions from liquid fuel consumption (kt),EN.ATM.CO2E.LF.KT,2251.538
Cambodia,KHM,2000,CO2 emissions from liquid fuel consumption (kt),EN.ATM.CO2E.LF.KT,1976.513
Cambodia,KHM,1999,CO2 emissions from liquid fuel consumption (kt),EN.ATM.CO2E.LF.KT,1895.839
Cambodia,KHM,1998,CO2 emissions from liquid fuel consumption (kt),EN.ATM.CO2E.LF.KT,1877.504
Cambodia,KHM,1997,CO2 emissions from liquid fuel consumption (kt),EN.ATM.CO2E.LF.KT,1466.8
Cambodia,KHM,1996,CO2 emissions from liquid fuel consumption (kt),EN.ATM.CO2E.LF.KT,1518.138
Cambodia,KHM,1995,CO2 emissions from liquid fuel consumption (kt),EN.ATM.CO2E.LF.KT,1499.803
Cambodia,KHM,1994,CO2 emissions from liquid fuel consumption (kt),EN.ATM.CO2E.LF.KT,1426.463
Cambodia,KHM,1993,CO2 emissions from liquid fuel consumption (kt),EN.ATM.CO2E.LF.KT,1386.126
Cambodia,KHM,1992,CO2 emissions from liquid fuel consumption (kt),EN.ATM.CO2E.LF.KT,1349.456
Cambodia,KHM,1991,CO2 emissions from liquid fuel consumption (kt),EN.ATM.CO2E.LF.KT,1305.452
Cambodia,KHM,1990,CO2 emissions from liquid fuel consumption (kt),EN.ATM.CO2E.LF.KT,1261.448
Cambodia,KHM,1989,CO2 emissions from liquid fuel consumption (kt),EN.ATM.CO2E.LF.KT,451.041
Cambodia,KHM,1988,CO2 emissions from liquid fuel consumption (kt),EN.ATM.CO2E.LF.KT,451.041
Cambodia,KHM,1987,CO2 emissions from liquid fuel consumption (kt),EN.ATM.CO2E.LF.KT,436.373
Cambodia,KHM,1986,CO2 emissions from liquid fuel consumption (kt),EN.ATM.CO2E.LF.KT,432.706
Cambodia,KHM,1985,CO2 emissions from liquid fuel consumption (kt),EN.ATM.CO2E.LF.KT,418.038
Cambodia,KHM,1984,CO2 emissions from liquid fuel consumption (kt),EN.ATM.CO2E.LF.KT,410.704
Cambodia,KHM,1983,CO2 emissions from liquid fuel consumption (kt),EN.ATM.CO2E.LF.KT,366.7
Cambodia,KHM,1982,CO2 emissions from liquid fuel consumption (kt),EN.ATM.CO2E.LF.KT,337.364
Cambodia,KHM,1981,CO2 emissions from liquid fuel consumption (kt),EN.ATM.CO2E.LF.KT,300.694
Cambodia,KHM,1980,CO2 emissions from liquid fuel consumption (kt),EN.ATM.CO2E.LF.KT,286.026
Cambodia,KHM,1979,CO2 emissions from liquid fuel consumption (kt),EN.ATM.CO2E.LF.KT,29.336
Cambodia,KHM,1978,CO2 emissions from liquid fuel consumption (kt),EN.ATM.CO2E.LF.KT,47.671
Cambodia,KHM,1977,CO2 emissions from liquid fuel consumption (kt),EN.ATM.CO2E.LF.KT,47.671
Cambodia,KHM,1976,CO2 emissions from liquid fuel consumption (kt),EN.ATM.CO2E.LF.KT,47.671
Cambodia,KHM,1975,CO2 emissions from liquid fuel consumption (kt),EN.ATM.CO2E.LF.KT,47.671
Cambodia,KHM,1974,CO2 emissions from liquid fuel consumption (kt),EN.ATM.CO2E.LF.KT,47.671
Cambodia,KHM,1973,CO2 emissions from liquid fuel consumption (kt),EN.ATM.CO2E.LF.KT,88.008
Cambodia,KHM,1972,CO2 emissions from liquid fuel consumption (kt),EN.ATM.CO2E.LF.KT,77.007
Cambodia,KHM,1971,CO2 emissions from liquid fuel consumption (kt),EN.ATM.CO2E.LF.KT,194.351
Cambodia,KHM,1970,CO2 emissions from liquid fuel consumption (kt),EN.ATM.CO2E.LF.KT,1122.102
Cambodia,KHM,1969,CO2 emissions from liquid fuel consumption (kt),EN.ATM.CO2E.LF.KT,1279.783
Cambodia,KHM,1968,CO2 emissions from liquid fuel consumption (kt),EN.ATM.CO2E.LF.KT,366.7
Cambodia,KHM,1967,CO2 emissions from liquid fuel consumption (kt),EN.ATM.CO2E.LF.KT,352.032
Cambodia,KHM,1966,CO2 emissions from liquid fuel consumption (kt),EN.ATM.CO2E.LF.KT,341.031
Cambodia,KHM,1965,CO2 emissions from liquid fuel consumption (kt),EN.ATM.CO2E.LF.KT,304.361
Cambodia,KHM,1964,CO2 emissions from liquid fuel consumption (kt),EN.ATM.CO2E.LF.KT,308.028
Cambodia,KHM,1963,CO2 emissions from liquid fuel consumption (kt),EN.ATM.CO2E.LF.KT,388.702
Cambodia,KHM,1962,CO2 emissions from liquid fuel consumption (kt),EN.ATM.CO2E.LF.KT,308.028
Cambodia,KHM,1961,CO2 emissions from liquid fuel consumption (kt),EN.ATM.CO2E.LF.KT,286.026
Cambodia,KHM,1960,CO2 emissions from liquid fuel consumption (kt),EN.ATM.CO2E.LF.KT,234.688
Cambodia,KHM,2020,Methane emissions in energy sector (thousand metric tons of CO2 equivalent),EN.ATM.METH.EG.KT.CE,678.1
Cambodia,KHM,2019,Methane emissions in energy sector (thousand metric tons of CO2 equivalent),EN.ATM.METH.EG.KT.CE,680.8
Cambodia,KHM,2018,Methane emissions in energy sector (thousand metric tons of CO2 equivalent),EN.ATM.METH.EG.KT.CE,675
Cambodia,KHM,2017,Methane emissions in energy sector (thousand metric tons of CO2 equivalent),EN.ATM.METH.EG.KT.CE,678.2
Cambodia,KHM,2016,Methane emissions in energy sector (thousand metric tons of CO2 equivalent),EN.ATM.METH.EG.KT.CE,674.9
Cambodia,KHM,2015,Methane emissions in energy sector (thousand metric tons of CO2 equivalent),EN.ATM.METH.EG.KT.CE,670.3
Cambodia,KHM,2014,Methane emissions in energy sector (thousand metric tons of CO2 equivalent),EN.ATM.METH.EG.KT.CE,663.7
Cambodia,KHM,2013,Methane emissions in energy sector (thousand metric tons of CO2 equivalent),EN.ATM.METH.EG.KT.CE,658.8
Cambodia,KHM,2012,Methane emissions in energy sector (thousand metric tons of CO2 equivalent),EN.ATM.METH.EG.KT.CE,654.8
Cambodia,KHM,2011,Methane emissions in energy sector (thousand metric tons of CO2 equivalent),EN.ATM.METH.EG.KT.CE,651.1
Cambodia,KHM,2010,Methane emissions in energy sector (thousand metric tons of CO2 equivalent),EN.ATM.METH.EG.KT.CE,646.4
Cambodia,KHM,2009,Methane emissions in energy sector (thousand metric tons of CO2 equivalent),EN.ATM.METH.EG.KT.CE,641.1
Cambodia,KHM,2008,Methane emissions in energy sector (thousand metric tons of CO2 equivalent),EN.ATM.METH.EG.KT.CE,639
Cambodia,KHM,2007,Methane emissions in energy sector (thousand metric tons of CO2 equivalent),EN.ATM.METH.EG.KT.CE,633.4
Cambodia,KHM,2006,Methane emissions in energy sector (thousand metric tons of CO2 equivalent),EN.ATM.METH.EG.KT.CE,625.2
Cambodia,KHM,2005,Methane emissions in energy sector (thousand metric tons of CO2 equivalent),EN.ATM.METH.EG.KT.CE,620.9
Cambodia,KHM,2004,Methane emissions in energy sector (thousand metric tons of CO2 equivalent),EN.ATM.METH.EG.KT.CE,614.1
Cambodia,KHM,2003,Methane emissions in energy sector (thousand metric tons of CO2 equivalent),EN.ATM.METH.EG.KT.CE,607.7
Cambodia,KHM,2002,Methane emissions in energy sector (thousand metric tons of CO2 equivalent),EN.ATM.METH.EG.KT.CE,600.8
Cambodia,KHM,2001,Methane emissions in energy sector (thousand metric tons of CO2 equivalent),EN.ATM.METH.EG.KT.CE,593.5
Cambodia,KHM,2000,Methane emissions in energy sector (thousand metric tons of CO2 equivalent),EN.ATM.METH.EG.KT.CE,584.7
Cambodia,KHM,1999,Methane emissions in energy sector (thousand metric tons of CO2 equivalent),EN.ATM.METH.EG.KT.CE,574.8
Cambodia,KHM,1998,Methane emissions in energy sector (thousand metric tons of CO2 equivalent),EN.ATM.METH.EG.KT.CE,562.3
Cambodia,KHM,1997,Methane emissions in energy sector (thousand metric tons of CO2 equivalent),EN.ATM.METH.EG.KT.CE,546.4
Cambodia,KHM,1996,Methane emissions in energy sector (thousand metric tons of CO2 equivalent),EN.ATM.METH.EG.KT.CE,532.3
Cambodia,KHM,1995,Methane emissions in energy sector (thousand metric tons of CO2 equivalent),EN.ATM.METH.EG.KT.CE,517.2
Cambodia,KHM,1994,Methane emissions in energy sector (thousand metric tons of CO2 equivalent),EN.ATM.METH.EG.KT.CE,0
Cambodia,KHM,1993,Methane emissions in energy sector (thousand metric tons of CO2 equivalent),EN.ATM.METH.EG.KT.CE,0
Cambodia,KHM,1992,Methane emissions in energy sector (thousand metric tons of CO2 equivalent),EN.ATM.METH.EG.KT.CE,0
Cambodia,KHM,1991,Methane emissions in energy sector (thousand metric tons of CO2 equivalent),EN.ATM.METH.EG.KT.CE,0
Cambodia,KHM,1990,Methane emissions in energy sector (thousand metric tons of CO2 equivalent),EN.ATM.METH.EG.KT.CE,0
Cambodia,KHM,2008,Energy related methane emissions (% of total),EN.ATM.METH.EG.ZS,10.031847133758
Cambodia,KHM,2007,Energy related methane emissions (% of total),EN.ATM.METH.EG.ZS,10.1286173633441
Cambodia,KHM,2006,Energy related methane emissions (% of total),EN.ATM.METH.EG.ZS,10.2941176470588
Cambodia,KHM,2005,Energy related methane emissions (% of total),EN.ATM.METH.EG.ZS,10.812356979405
Cambodia,KHM,2004,Energy related methane emissions (% of total),EN.ATM.METH.EG.ZS,11.1590628853268
Cambodia,KHM,2003,Energy related methane emissions (% of total),EN.ATM.METH.EG.ZS,10.5231143552311
Cambodia,KHM,2002,Energy related methane emissions (% of total),EN.ATM.METH.EG.ZS,10.8481262327416
Cambodia,KHM,2001,Energy related methane emissions (% of total),EN.ATM.METH.EG.ZS,10.5227882037534
Cambodia,KHM,2000,Energy related methane emissions (% of total),EN.ATM.METH.EG.ZS,10.03367003367
Cambodia,KHM,1999,Energy related methane emissions (% of total),EN.ATM.METH.EG.ZS,9.42075111394016
Cambodia,KHM,1998,Energy related methane emissions (% of total),EN.ATM.METH.EG.ZS,9.95292535305985
Cambodia,KHM,1997,Energy related methane emissions (% of total),EN.ATM.METH.EG.ZS,9.89966555183947
Cambodia,KHM,1996,Energy related methane emissions (% of total),EN.ATM.METH.EG.ZS,9.93243243243243
Cambodia,KHM,1995,Energy related methane emissions (% of total),EN.ATM.METH.EG.ZS,9.93243243243243
Cambodia,KHM,1994,Energy related methane emissions (% of total),EN.ATM.METH.EG.ZS,10.6531881804044
Cambodia,KHM,1993,Energy related methane emissions (% of total),EN.ATM.METH.EG.ZS,9.07142857142857
Cambodia,KHM,1992,Energy related methane emissions (% of total),EN.ATM.METH.EG.ZS,8.93262679788039
Cambodia,KHM,1991,Energy related methane emissions (% of total),EN.ATM.METH.EG.ZS,8.42433697347894
Cambodia,KHM,1990,Energy related methane emissions (% of total),EN.ATM.METH.EG.ZS,7.46951219512195
Cambodia,KHM,1989,Energy related methane emissions (% of total),EN.ATM.METH.EG.ZS,7.40845250351972
Cambodia,KHM,1988,Energy related methane emissions (% of total),EN.ATM.METH.EG.ZS,7.22922246269732
Cambodia,KHM,1987,Energy related methane emissions (% of total),EN.ATM.METH.EG.ZS,7.94138720865898
Cambodia,KHM,1986,Energy related methane emissions (% of total),EN.ATM.METH.EG.ZS,8.00293436980079
Cambodia,KHM,1985,Energy related methane emissions (% of total),EN.ATM.METH.EG.ZS,8.34016535514488
Cambodia,KHM,1984,Energy related methane emissions (% of total),EN.ATM.METH.EG.ZS,9.62938398752121
Cambodia,KHM,1983,Energy related methane emissions (% of total),EN.ATM.METH.EG.ZS,6.94336126717001
Cambodia,KHM,1982,Energy related methane emissions (% of total),EN.ATM.METH.EG.ZS,7.80016086376827
Cambodia,KHM,1981,Energy related methane emissions (% of total),EN.ATM.METH.EG.ZS,8.92701816146739
Cambodia,KHM,1980,Energy related methane emissions (% of total),EN.ATM.METH.EG.ZS,8.62317373360471
Cambodia,KHM,1979,Energy related methane emissions (% of total),EN.ATM.METH.EG.ZS,12.1957935021772
Cambodia,KHM,1978,Energy related methane emissions (% of total),EN.ATM.METH.EG.ZS,10.4304357986729
Cambodia,KHM,1977,Energy related methane emissions (% of total),EN.ATM.METH.EG.ZS,11.0988014511694
Cambodia,KHM,1976,Energy related methane emissions (% of total),EN.ATM.METH.EG.ZS,11.7532017626116
Cambodia,KHM,1975,Energy related methane emissions (% of total),EN.ATM.METH.EG.ZS,11.8964526113486
Cambodia,KHM,1974,Energy related methane emissions (% of total),EN.ATM.METH.EG.ZS,13.6994438331925
Cambodia,KHM,1973,Energy related methane emissions (% of total),EN.ATM.METH.EG.ZS,10.5599813637712
Cambodia,KHM,1972,Energy related methane emissions (% of total),EN.ATM.METH.EG.ZS,8.46697365197407
Cambodia,KHM,1971,Energy related methane emissions (% of total),EN.ATM.METH.EG.ZS,7.30106879637253
Cambodia,KHM,1970,Energy related methane emissions (% of total),EN.ATM.METH.EG.ZS,6.08128094528876
Cambodia,KHM,2020,Nitrous oxide emissions in energy sector (thousand metric tons of CO2 equivalent),EN.ATM.NOXE.EG.KT.CE,366
Cambodia,KHM,2019,Nitrous oxide emissions in energy sector (thousand metric tons of CO2 equivalent),EN.ATM.NOXE.EG.KT.CE,357.8
Cambodia,KHM,2018,Nitrous oxide emissions in energy sector (thousand metric tons of CO2 equivalent),EN.ATM.NOXE.EG.KT.CE,315
Cambodia,KHM,2017,Nitrous oxide emissions in energy sector (thousand metric tons of CO2 equivalent),EN.ATM.NOXE.EG.KT.CE,300
Cambodia,KHM,2016,Nitrous oxide emissions in energy sector (thousand metric tons of CO2 equivalent),EN.ATM.NOXE.EG.KT.CE,289
Cambodia,KHM,2015,Nitrous oxide emissions in energy sector (thousand metric tons of CO2 equivalent),EN.ATM.NOXE.EG.KT.CE,266.9
Cambodia,KHM,2014,Nitrous oxide emissions in energy sector (thousand metric tons of CO2 equivalent),EN.ATM.NOXE.EG.KT.CE,249.7
Cambodia,KHM,2013,Nitrous oxide emissions in energy sector (thousand metric tons of CO2 equivalent),EN.ATM.NOXE.EG.KT.CE,232.9
Cambodia,KHM,2012,Nitrous oxide emissions in energy sector (thousand metric tons of CO2 equivalent),EN.ATM.NOXE.EG.KT.CE,228
Cambodia,KHM,2011,Nitrous oxide emissions in energy sector (thousand metric tons of CO2 equivalent),EN.ATM.NOXE.EG.KT.CE,219.2
Cambodia,KHM,2010,Nitrous oxide emissions in energy sector (thousand metric tons of CO2 equivalent),EN.ATM.NOXE.EG.KT.CE,213.2
Cambodia,KHM,2009,Nitrous oxide emissions in energy sector (thousand metric tons of CO2 equivalent),EN.ATM.NOXE.EG.KT.CE,208
Cambodia,KHM,2008,Nitrous oxide emissions in energy sector (thousand metric tons of CO2 equivalent),EN.ATM.NOXE.EG.KT.CE,188.7
Cambodia,KHM,2007,Nitrous oxide emissions in energy sector (thousand metric tons of CO2 equivalent),EN.ATM.NOXE.EG.KT.CE,186.5
Cambodia,KHM,2006,Nitrous oxide emissions in energy sector (thousand metric tons of CO2 equivalent),EN.ATM.NOXE.EG.KT.CE,175.5
Cambodia,KHM,2005,Nitrous oxide emissions in energy sector (thousand metric tons of CO2 equivalent),EN.ATM.NOXE.EG.KT.CE,168.9
Cambodia,KHM,2004,Nitrous oxide emissions in energy sector (thousand metric tons of CO2 equivalent),EN.ATM.NOXE.EG.KT.CE,162.2
Cambodia,KHM,2003,Nitrous oxide emissions in energy sector (thousand metric tons of CO2 equivalent),EN.ATM.NOXE.EG.KT.CE,156
Cambodia,KHM,2002,Nitrous oxide emissions in energy sector (thousand metric tons of CO2 equivalent),EN.ATM.NOXE.EG.KT.CE,153.7
Cambodia,KHM,2001,Nitrous oxide emissions in energy sector (thousand metric tons of CO2 equivalent),EN.ATM.NOXE.EG.KT.CE,158.7
Cambodia,KHM,2000,Nitrous oxide emissions in energy sector (thousand metric tons of CO2 equivalent),EN.ATM.NOXE.EG.KT.CE,150.4
Cambodia,KHM,1999,Nitrous oxide emissions in energy sector (thousand metric tons of CO2 equivalent),EN.ATM.NOXE.EG.KT.CE,148.1
Cambodia,KHM,1998,Nitrous oxide emissions in energy sector (thousand metric tons of CO2 equivalent),EN.ATM.NOXE.EG.KT.CE,146.2
Cambodia,KHM,1997,Nitrous oxide emissions in energy sector (thousand metric tons of CO2 equivalent),EN.ATM.NOXE.EG.KT.CE,132.7
Cambodia,KHM,1996,Nitrous oxide emissions in energy sector (thousand metric tons of CO2 equivalent),EN.ATM.NOXE.EG.KT.CE,128.5
Cambodia,KHM,1995,Nitrous oxide emissions in energy sector (thousand metric tons of CO2 equivalent),EN.ATM.NOXE.EG.KT.CE,123.7
Cambodia,KHM,1994,Nitrous oxide emissions in energy sector (thousand metric tons of CO2 equivalent),EN.ATM.NOXE.EG.KT.CE,0
Cambodia,KHM,1993,Nitrous oxide emissions in energy sector (thousand metric tons of CO2 equivalent),EN.ATM.NOXE.EG.KT.CE,0
Cambodia,KHM,1992,Nitrous oxide emissions in energy sector (thousand metric tons of CO2 equivalent),EN.ATM.NOXE.EG.KT.CE,0
Cambodia,KHM,1991,Nitrous oxide emissions in energy sector (thousand metric tons of CO2 equivalent),EN.ATM.NOXE.EG.KT.CE,0
Cambodia,KHM,1990,Nitrous oxide emissions in energy sector (thousand metric tons of CO2 equivalent),EN.ATM.NOXE.EG.KT.CE,0
Cambodia,KHM,2008,Nitrous oxide emissions in energy sector (% of total),EN.ATM.NOXE.EG.ZS,9.1743119266055
Cambodia,KHM,2007,Nitrous oxide emissions in energy sector (% of total),EN.ATM.NOXE.EG.ZS,9.21658986175115
Cambodia,KHM,2006,Nitrous oxide emissions in energy sector (% of total),EN.ATM.NOXE.EG.ZS,9.50118764845606
Cambodia,KHM,2005,Nitrous oxide emissions in energy sector (% of total),EN.ATM.NOXE.EG.ZS,10.3626943005181
Cambodia,KHM,2004,Nitrous oxide emissions in energy sector (% of total),EN.ATM.NOXE.EG.ZS,9.97442455242967
Cambodia,KHM,2003,Nitrous oxide emissions in energy sector (% of total),EN.ATM.NOXE.EG.ZS,9.89304812834225
Cambodia,KHM,2002,Nitrous oxide emissions in energy sector (% of total),EN.ATM.NOXE.EG.ZS,9.80392156862745
Cambodia,KHM,2001,Nitrous oxide emissions in energy sector (% of total),EN.ATM.NOXE.EG.ZS,9.76331360946746
Cambodia,KHM,2000,Nitrous oxide emissions in energy sector (% of total),EN.ATM.NOXE.EG.ZS,8.98876404494382
Cambodia,KHM,1999,Nitrous oxide emissions in energy sector (% of total),EN.ATM.NOXE.EG.ZS,7.75193798449612
Cambodia,KHM,1998,Nitrous oxide emissions in energy sector (% of total),EN.ATM.NOXE.EG.ZS,8.33333333333333
Cambodia,KHM,1997,Nitrous oxide emissions in energy sector (% of total),EN.ATM.NOXE.EG.ZS,7.79944289693593
Cambodia,KHM,1996,Nitrous oxide emissions in energy sector (% of total),EN.ATM.NOXE.EG.ZS,7.37704918032787
Cambodia,KHM,1995,Nitrous oxide emissions in energy sector (% of total),EN.ATM.NOXE.EG.ZS,7.53623188405797
Cambodia,KHM,1994,Nitrous oxide emissions in energy sector (% of total),EN.ATM.NOXE.EG.ZS,7.66871165644172
Cambodia,KHM,1993,Nitrous oxide emissions in energy sector (% of total),EN.ATM.NOXE.EG.ZS,7.01219512195122
Cambodia,KHM,1992,Nitrous oxide emissions in energy sector (% of total),EN.ATM.NOXE.EG.ZS,6.60377358490566
Cambodia,KHM,1991,Nitrous oxide emissions in energy sector (% of total),EN.ATM.NOXE.EG.ZS,6.3973063973064
Cambodia,KHM,1990,Nitrous oxide emissions in energy sector (% of total),EN.ATM.NOXE.EG.ZS,5.86206896551724
Cambodia,KHM,1989,Nitrous oxide emissions in energy sector (% of total),EN.ATM.NOXE.EG.ZS,8.3185193094748
Cambodia,KHM,1988,Nitrous oxide emissions in energy sector (% of total),EN.ATM.NOXE.EG.ZS,6.41569459686635
Cambodia,KHM,1987,Nitrous oxide emissions in energy sector (% of total),EN.ATM.NOXE.EG.ZS,5.06253963759474
Cambodia,KHM,1986,Nitrous oxide emissions in energy sector (% of total),EN.ATM.NOXE.EG.ZS,6.67305061799281
Cambodia,KHM,1985,Nitrous oxide emissions in energy sector (% of total),EN.ATM.NOXE.EG.ZS,8.02473247915645
Cambodia,KHM,1984,Nitrous oxide emissions in energy sector (% of total),EN.ATM.NOXE.EG.ZS,6.84959789150476
Cambodia,KHM,1983,Nitrous oxide emissions in energy sector (% of total),EN.ATM.NOXE.EG.ZS,4.03390682327525
Cambodia,KHM,1982,Nitrous oxide emissions in energy sector (% of total),EN.ATM.NOXE.EG.ZS,7.36552812894887
Cambodia,KHM,1981,Nitrous oxide emissions in energy sector (% of total),EN.ATM.NOXE.EG.ZS,7.83510348692781
Cambodia,KHM,1980,Nitrous oxide emissions in energy sector (% of total),EN.ATM.NOXE.EG.ZS,7.04278170487303
Cambodia,KHM,1979,Nitrous oxide emissions in energy sector (% of total),EN.ATM.NOXE.EG.ZS,8.45847024178377
Cambodia,KHM,1978,Nitrous oxide emissions in energy sector (% of total),EN.ATM.NOXE.EG.ZS,7.07742223919417
Cambodia,KHM,1977,Nitrous oxide emissions in energy sector (% of total),EN.ATM.NOXE.EG.ZS,8.62521072453464
Cambodia,KHM,1976,Nitrous oxide emissions in energy sector (% of total),EN.ATM.NOXE.EG.ZS,12.9837858168007
Cambodia,KHM,1975,Nitrous oxide emissions in energy sector (% of total),EN.ATM.NOXE.EG.ZS,11.4722159506572
Cambodia,KHM,1974,Nitrous oxide emissions in energy sector (% of total),EN.ATM.NOXE.EG.ZS,10.3508267504725
Cambodia,KHM,1973,Nitrous oxide emissions in energy sector (% of total),EN.ATM.NOXE.EG.ZS,6.28111826646015
Cambodia,KHM,1972,Nitrous oxide emissions in energy sector (% of total),EN.ATM.NOXE.EG.ZS,7.99351157263808
Cambodia,KHM,1971,Nitrous oxide emissions in energy sector (% of total),EN.ATM.NOXE.EG.ZS,9.13669510590011
Cambodia,KHM,1970,Nitrous oxide emissions in energy sector (% of total),EN.ATM.NOXE.EG.ZS,6.71648236349719
Cambodia,KHM,2016,Pump price for diesel fuel (US$ per liter),EP.PMP.DESL.CD,0.8
Cambodia,KHM,2014,Pump price for diesel fuel (US$ per liter),EP.PMP.DESL.CD,1.24
Cambodia,KHM,2012,Pump price for diesel fuel (US$ per liter),EP.PMP.DESL.CD,1.27
Cambodia,KHM,2010,Pump price for diesel fuel (US$ per liter),EP.PMP.DESL.CD,0.98
Cambodia,KHM,2008,Pump price for diesel fuel (US$ per liter),EP.PMP.DESL.CD,0.89
Cambodia,KHM,2006,Pump price for diesel fuel (US$ per liter),EP.PMP.DESL.CD,0.78
Cambodia,KHM,2004,Pump price for diesel fuel (US$ per liter),EP.PMP.DESL.CD,0.61
Cambodia,KHM,2002,Pump price for diesel fuel (US$ per liter),EP.PMP.DESL.CD,0.44
Cambodia,KHM,2000,Pump price for diesel fuel (US$ per liter),EP.PMP.DESL.CD,0.44
Cambodia,KHM,1998,Pump price for diesel fuel (US$ per liter),EP.PMP.DESL.CD,0.28
Cambodia,KHM,2016,Pump price for gasoline (US$ per liter),EP.PMP.SGAS.CD,0.9
Cambodia,KHM,2014,Pump price for gasoline (US$ per liter),EP.PMP.SGAS.CD,1.34
Cambodia,KHM,2012,Pump price for gasoline (US$ per liter),EP.PMP.SGAS.CD,1.35
Cambodia,KHM,2010,Pump price for gasoline (US$ per liter),EP.PMP.SGAS.CD,1.15
Cambodia,KHM,2008,Pump price for gasoline (US$ per liter),EP.PMP.SGAS.CD,0.94
Cambodia,KHM,2006,Pump price for gasoline (US$ per liter),EP.PMP.SGAS.CD,1.01
Cambodia,KHM,2004,Pump price for gasoline (US$ per liter),EP.PMP.SGAS.CD,0.79
Cambodia,KHM,2002,Pump price for gasoline (US$ per liter),EP.PMP.SGAS.CD,0.63
Cambodia,KHM,2000,Pump price for gasoline (US$ per liter),EP.PMP.SGAS.CD,0.61
Cambodia,KHM,1998,Pump price for gasoline (US$ per liter),EP.PMP.SGAS.CD,0.47
Cambodia,KHM,2016,Time to obtain an electrical connection (days),IC.ELC.DURS,7.9
Cambodia,KHM,2013,Time to obtain an electrical connection (days),IC.ELC.DURS,9.4
Cambodia,KHM,2007,Time to obtain an electrical connection (days),IC.ELC.DURS,15.5
Cambodia,KHM,2019,Time required to get electricity (days),IC.ELC.TIME,179
Cambodia,KHM,2018,Time required to get electricity (days),IC.ELC.TIME,179
Cambodia,KHM,2017,Time required to get electricity (days),IC.ELC.TIME,179
Cambodia,KHM,2016,Time required to get electricity (days),IC.ELC.TIME,179
Cambodia,KHM,2015,Time required to get electricity (days),IC.ELC.TIME,179
Cambodia,KHM,2014,Time required to get electricity (days),IC.ELC.TIME,179
Cambodia,KHM,2013,Time required to get electricity (days),IC.ELC.TIME,179
Cambodia,KHM,2012,Time required to get electricity (days),IC.ELC.TIME,194
Cambodia,KHM,2011,Time required to get electricity (days),IC.ELC.TIME,194
Cambodia,KHM,2010,Time required to get electricity (days),IC.ELC.TIME,194
Cambodia,KHM,2009,Time required to get electricity (days),IC.ELC.TIME,194
Cambodia,KHM,2016,Firms using banks to finance investment (% of firms),IC.FRM.BNKS.ZS,2.5
Cambodia,KHM,2013,Firms using banks to finance investment (% of firms),IC.FRM.BNKS.ZS,7.9
Cambodia,KHM,2007,Firms using banks to finance investment (% of firms),IC.FRM.BNKS.ZS,11.3
Cambodia,KHM,2016,Value lost due to electrical outages (% of sales for affected firms),IC.FRM.OUTG.ZS,3.6
Cambodia,KHM,2013,Value lost due to electrical outages (% of sales for affected firms),IC.FRM.OUTG.ZS,0.4
Cambodia,KHM,2021,Investment in energy with private participation (current US$),IE.PPI.ENGY.CD,41200000
Cambodia,KHM,2020,Investment in energy with private participation (current US$),IE.PPI.ENGY.CD,100000000
Cambodia,KHM,2018,Investment in energy with private participation (current US$),IE.PPI.ENGY.CD,100210000
Cambodia,KHM,2017,Investment in energy with private participation (current US$),IE.PPI.ENGY.CD,12500000
Cambodia,KHM,2010,Investment in energy with private participation (current US$),IE.PPI.ENGY.CD,1863500000
Cambodia,KHM,2008,Investment in energy with private participation (current US$),IE.PPI.ENGY.CD,47100000
Cambodia,KHM,2007,Investment in energy with private participation (current US$),IE.PPI.ENGY.CD,655030000
Cambodia,KHM,2005,Investment in energy with private participation (current US$),IE.PPI.ENGY.CD,25000000
Cambodia,KHM,2004,Investment in energy with private participation (current US$),IE.PPI.ENGY.CD,25000000
Cambodia,KHM,2002,Investment in energy with private participation (current US$),IE.PPI.ENGY.CD,4100000
Cambodia,KHM,2001,Investment in energy with private participation (current US$),IE.PPI.ENGY.CD,28000000
Cambodia,KHM,1999,Investment in energy with private participation (current US$),IE.PPI.ENGY.CD,16000000
Cambodia,KHM,1997,Investment in energy with private participation (current US$),IE.PPI.ENGY.CD,127000000
Cambodia,KHM,2020,Adjusted savings: mineral depletion (current US$),NY.ADJ.DMIN.CD,0
Cambodia,KHM,2019,Adjusted savings: mineral depletion (current US$),NY.ADJ.DMIN.CD,0
Cambodia,KHM,2018,Adjusted savings: mineral depletion (current US$),NY.ADJ.DMIN.CD,0
Cambodia,KHM,2017,Adjusted savings: mineral depletion (current US$),NY.ADJ.DMIN.CD,0
Cambodia,KHM,2016,Adjusted savings: mineral depletion (current US$),NY.ADJ.DMIN.CD,0
Cambodia,KHM,2015,Adjusted savings: mineral depletion (current US$),NY.ADJ.DMIN.CD,0
Cambodia,KHM,2014,Adjusted savings: mineral depletion (current US$),NY.ADJ.DMIN.CD,0
Cambodia,KHM,2013,Adjusted savings: mineral depletion (current US$),NY.ADJ.DMIN.CD,0
Cambodia,KHM,2012,Adjusted savings: mineral depletion (current US$),NY.ADJ.DMIN.CD,0
Cambodia,KHM,2011,Adjusted savings: mineral depletion (current US$),NY.ADJ.DMIN.CD,0
Cambodia,KHM,2010,Adjusted savings: mineral depletion (current US$),NY.ADJ.DMIN.CD,0
Cambodia,KHM,2009,Adjusted savings: mineral depletion (current US$),NY.ADJ.DMIN.CD,0
Cambodia,KHM,2008,Adjusted savings: mineral depletion (current US$),NY.ADJ.DMIN.CD,0
Cambodia,KHM,2007,Adjusted savings: mineral depletion (current US$),NY.ADJ.DMIN.CD,0
Cambodia,KHM,2006,Adjusted savings: mineral depletion (current US$),NY.ADJ.DMIN.CD,0
Cambodia,KHM,2005,Adjusted savings: mineral depletion (current US$),NY.ADJ.DMIN.CD,0
Cambodia,KHM,2004,Adjusted savings: mineral depletion (current US$),NY.ADJ.DMIN.CD,0
Cambodia,KHM,2003,Adjusted savings: mineral depletion (current US$),NY.ADJ.DMIN.CD,0
Cambodia,KHM,2002,Adjusted savings: mineral depletion (current US$),NY.ADJ.DMIN.CD,0
Cambodia,KHM,2001,Adjusted savings: mineral depletion (current US$),NY.ADJ.DMIN.CD,0
Cambodia,KHM,2000,Adjusted savings: mineral depletion (current US$),NY.ADJ.DMIN.CD,0
Cambodia,KHM,1999,Adjusted savings: mineral depletion (current US$),NY.ADJ.DMIN.CD,0
Cambodia,KHM,1998,Adjusted savings: mineral depletion (current US$),NY.ADJ.DMIN.CD,0
Cambodia,KHM,1997,Adjusted savings: mineral depletion (current US$),NY.ADJ.DMIN.CD,0
Cambodia,KHM,1996,Adjusted savings: mineral depletion (current US$),NY.ADJ.DMIN.CD,0
Cambodia,KHM,1995,Adjusted savings: mineral depletion (current US$),NY.ADJ.DMIN.CD,0
Cambodia,KHM,1994,Adjusted savings: mineral depletion (current US$),NY.ADJ.DMIN.CD,0
Cambodia,KHM,1993,Adjusted savings: mineral depletion (current US$),NY.ADJ.DMIN.CD,0
Cambodia,KHM,1992,Adjusted savings: mineral depletion (current US$),NY.ADJ.DMIN.CD,0
Cambodia,KHM,1991,Adjusted savings: mineral depletion (current US$),NY.ADJ.DMIN.CD,0
Cambodia,KHM,1990,Adjusted savings: mineral depletion (current US$),NY.ADJ.DMIN.CD,0
Cambodia,KHM,1989,Adjusted savings: mineral depletion (current US$),NY.ADJ.DMIN.CD,0
Cambodia,KHM,1988,Adjusted savings: mineral depletion (current US$),NY.ADJ.DMIN.CD,0
Cambodia,KHM,1987,Adjusted savings: mineral depletion (current US$),NY.ADJ.DMIN.CD,0
Cambodia,KHM,1986,Adjusted savings: mineral depletion (current US$),NY.ADJ.DMIN.CD,0
Cambodia,KHM,1985,Adjusted savings: mineral depletion (current US$),NY.ADJ.DMIN.CD,1152.54326578846
Cambodia,KHM,1984,Adjusted savings: mineral depletion (current US$),NY.ADJ.DMIN.CD,0
Cambodia,KHM,1983,Adjusted savings: mineral depletion (current US$),NY.ADJ.DMIN.CD,3973.70372736213
Cambodia,KHM,1982,Adjusted savings: mineral depletion (current US$),NY.ADJ.DMIN.CD,6256.80678060655
Cambodia,KHM,1981,Adjusted savings: mineral depletion (current US$),NY.ADJ.DMIN.CD,11392.8950085875
Cambodia,KHM,1980,Adjusted savings: mineral depletion (current US$),NY.ADJ.DMIN.CD,0
Cambodia,KHM,1979,Adjusted savings: mineral depletion (current US$),NY.ADJ.DMIN.CD,0
Cambodia,KHM,1978,Adjusted savings: mineral depletion (current US$),NY.ADJ.DMIN.CD,0
Cambodia,KHM,1977,Adjusted savings: mineral depletion (current US$),NY.ADJ.DMIN.CD,0
Cambodia,KHM,1976,Adjusted savings: mineral depletion (current US$),NY.ADJ.DMIN.CD,0
Cambodia,KHM,1975,Adjusted savings: mineral depletion (current US$),NY.ADJ.DMIN.CD,1998.49766038498
Cambodia,KHM,1974,Adjusted savings: mineral depletion (current US$),NY.ADJ.DMIN.CD,28866.6855938322
Cambodia,KHM,1973,Adjusted savings: mineral depletion (current US$),NY.ADJ.DMIN.CD,0
Cambodia,KHM,1972,Adjusted savings: mineral depletion (current US$),NY.ADJ.DMIN.CD,0
Cambodia,KHM,1971,Adjusted savings: mineral depletion (current US$),NY.ADJ.DMIN.CD,0
Cambodia,KHM,1970,Adjusted savings: mineral depletion (current US$),NY.ADJ.DMIN.CD,0
Cambodia,KHM,2020,Adjusted savings: mineral depletion (% of GNI),NY.ADJ.DMIN.GN.ZS,0
Cambodia,KHM,2019,Adjusted savings: mineral depletion (% of GNI),NY.ADJ.DMIN.GN.ZS,0
Cambodia,KHM,2018,Adjusted savings: mineral depletion (% of GNI),NY.ADJ.DMIN.GN.ZS,0
Cambodia,KHM,2017,Adjusted savings: mineral depletion (% of GNI),NY.ADJ.DMIN.GN.ZS,0
Cambodia,KHM,2016,Adjusted savings: mineral depletion (% of GNI),NY.ADJ.DMIN.GN.ZS,0
Cambodia,KHM,2015,Adjusted savings: mineral depletion (% of GNI),NY.ADJ.DMIN.GN.ZS,0
Cambodia,KHM,2014,Adjusted savings: mineral depletion (% of GNI),NY.ADJ.DMIN.GN.ZS,0
Cambodia,KHM,2013,Adjusted savings: mineral depletion (% of GNI),NY.ADJ.DMIN.GN.ZS,0
Cambodia,KHM,2012,Adjusted savings: mineral depletion (% of GNI),NY.ADJ.DMIN.GN.ZS,0
Cambodia,KHM,2011,Adjusted savings: mineral depletion (% of GNI),NY.ADJ.DMIN.GN.ZS,0
Cambodia,KHM,2010,Adjusted savings: mineral depletion (% of GNI),NY.ADJ.DMIN.GN.ZS,0
Cambodia,KHM,2009,Adjusted savings: mineral depletion (% of GNI),NY.ADJ.DMIN.GN.ZS,0
Cambodia,KHM,2008,Adjusted savings: mineral depletion (% of GNI),NY.ADJ.DMIN.GN.ZS,0
Cambodia,KHM,2007,Adjusted savings: mineral depletion (% of GNI),NY.ADJ.DMIN.GN.ZS,0
Cambodia,KHM,2006,Adjusted savings: mineral depletion (% of GNI),NY.ADJ.DMIN.GN.ZS,0
Cambodia,KHM,2005,Adjusted savings: mineral depletion (% of GNI),NY.ADJ.DMIN.GN.ZS,0
Cambodia,KHM,2004,Adjusted savings: mineral depletion (% of GNI),NY.ADJ.DMIN.GN.ZS,0
Cambodia,KHM,2003,Adjusted savings: mineral depletion (% of GNI),NY.ADJ.DMIN.GN.ZS,0
Cambodia,KHM,2002,Adjusted savings: mineral depletion (% of GNI),NY.ADJ.DMIN.GN.ZS,0
Cambodia,KHM,2001,Adjusted savings: mineral depletion (% of GNI),NY.ADJ.DMIN.GN.ZS,0
Cambodia,KHM,2000,Adjusted savings: mineral depletion (% of GNI),NY.ADJ.DMIN.GN.ZS,0
Cambodia,KHM,1999,Adjusted savings: mineral depletion (% of GNI),NY.ADJ.DMIN.GN.ZS,0
Cambodia,KHM,1998,Adjusted savings: mineral depletion (% of GNI),NY.ADJ.DMIN.GN.ZS,0
Cambodia,KHM,1997,Adjusted savings: mineral depletion (% of GNI),NY.ADJ.DMIN.GN.ZS,0
Cambodia,KHM,1996,Adjusted savings: mineral depletion (% of GNI),NY.ADJ.DMIN.GN.ZS,0
Cambodia,KHM,1995,Adjusted savings: mineral depletion (% of GNI),NY.ADJ.DMIN.GN.ZS,0
Cambodia,KHM,1974,Adjusted savings: mineral depletion (% of GNI),NY.ADJ.DMIN.GN.ZS,0.00490870850037093
Cambodia,KHM,1973,Adjusted savings: mineral depletion (% of GNI),NY.ADJ.DMIN.GN.ZS,0
Cambodia,KHM,1972,Adjusted savings: mineral depletion (% of GNI),NY.ADJ.DMIN.GN.ZS,0
Cambodia,KHM,1971,Adjusted savings: mineral depletion (% of GNI),NY.ADJ.DMIN.GN.ZS,0
Cambodia,KHM,1970,Adjusted savings: mineral depletion (% of GNI),NY.ADJ.DMIN.GN.ZS,0
Cambodia,KHM,2020,Adjusted savings: energy depletion (current US$),NY.ADJ.DNGY.CD,30113237.6972014
Cambodia,KHM,2019,Adjusted savings: energy depletion (current US$),NY.ADJ.DNGY.CD,0
Cambodia,KHM,2018,Adjusted savings: energy depletion (current US$),NY.ADJ.DNGY.CD,50954.3275577374
Cambodia,KHM,2017,Adjusted savings: energy depletion (current US$),NY.ADJ.DNGY.CD,40248.6961928405
Cambodia,KHM,2016,Adjusted savings: energy depletion (current US$),NY.ADJ.DNGY.CD,0
Cambodia,KHM,2015,Adjusted savings: energy depletion (current US$),NY.ADJ.DNGY.CD,0
Cambodia,KHM,2014,Adjusted savings: energy depletion (current US$),NY.ADJ.DNGY.CD,0
Cambodia,KHM,2013,Adjusted savings: energy depletion (current US$),NY.ADJ.DNGY.CD,0
Cambodia,KHM,2012,Adjusted savings: energy depletion (current US$),NY.ADJ.DNGY.CD,0
Cambodia,KHM,2011,Adjusted savings: energy depletion (current US$),NY.ADJ.DNGY.CD,0
Cambodia,KHM,2010,Adjusted savings: energy depletion (current US$),NY.ADJ.DNGY.CD,0
Cambodia,KHM,2009,Adjusted savings: energy depletion (current US$),NY.ADJ.DNGY.CD,0
Cambodia,KHM,2008,Adjusted savings: energy depletion (current US$),NY.ADJ.DNGY.CD,0
Cambodia,KHM,2007,Adjusted savings: energy depletion (current US$),NY.ADJ.DNGY.CD,0
Cambodia,KHM,2006,Adjusted savings: energy depletion (current US$),NY.ADJ.DNGY.CD,0
Cambodia,KHM,2005,Adjusted savings: energy depletion (current US$),NY.ADJ.DNGY.CD,0
Cambodia,KHM,2004,Adjusted savings: energy depletion (current US$),NY.ADJ.DNGY.CD,0
Cambodia,KHM,2003,Adjusted savings: energy depletion (current US$),NY.ADJ.DNGY.CD,0
Cambodia,KHM,2002,Adjusted savings: energy depletion (current US$),NY.ADJ.DNGY.CD,0
Cambodia,KHM,2001,Adjusted savings: energy depletion (current US$),NY.ADJ.DNGY.CD,0
Cambodia,KHM,2000,Adjusted savings: energy depletion (current US$),NY.ADJ.DNGY.CD,0
Cambodia,KHM,1999,Adjusted savings: energy depletion (current US$),NY.ADJ.DNGY.CD,0
Cambodia,KHM,1998,Adjusted savings: energy depletion (current US$),NY.ADJ.DNGY.CD,0
Cambodia,KHM,1997,Adjusted savings: energy depletion (current US$),NY.ADJ.DNGY.CD,0
Cambodia,KHM,1996,Adjusted savings: energy depletion (current US$),NY.ADJ.DNGY.CD,0
Cambodia,KHM,1995,Adjusted savings: energy depletion (current US$),NY.ADJ.DNGY.CD,0
Cambodia,KHM,1994,Adjusted savings: energy depletion (current US$),NY.ADJ.DNGY.CD,0
Cambodia,KHM,1993,Adjusted savings: energy depletion (current US$),NY.ADJ.DNGY.CD,0
Cambodia,KHM,1992,Adjusted savings: energy depletion (current US$),NY.ADJ.DNGY.CD,0
Cambodia,KHM,1991,Adjusted savings: energy depletion (current US$),NY.ADJ.DNGY.CD,0
Cambodia,KHM,1990,Adjusted savings: energy depletion (current US$),NY.ADJ.DNGY.CD,0
Cambodia,KHM,1989,Adjusted savings: energy depletion (current US$),NY.ADJ.DNGY.CD,0
Cambodia,KHM,1988,Adjusted savings: energy depletion (current US$),NY.ADJ.DNGY.CD,0
Cambodia,KHM,1987,Adjusted savings: energy depletion (current US$),NY.ADJ.DNGY.CD,0
Cambodia,KHM,1986,Adjusted savings: energy depletion (current US$),NY.ADJ.DNGY.CD,0
Cambodia,KHM,1985,Adjusted savings: energy depletion (current US$),NY.ADJ.DNGY.CD,0
Cambodia,KHM,1984,Adjusted savings: energy depletion (current US$),NY.ADJ.DNGY.CD,0
Cambodia,KHM,1983,Adjusted savings: energy depletion (current US$),NY.ADJ.DNGY.CD,0
Cambodia,KHM,1982,Adjusted savings: energy depletion (current US$),NY.ADJ.DNGY.CD,0
Cambodia,KHM,1981,Adjusted savings: energy depletion (current US$),NY.ADJ.DNGY.CD,0
Cambodia,KHM,1980,Adjusted savings: energy depletion (current US$),NY.ADJ.DNGY.CD,0
Cambodia,KHM,2020,Adjusted savings: energy depletion (% of GNI),NY.ADJ.DNGY.GN.ZS,0.121432978556639
Cambodia,KHM,2019,Adjusted savings: energy depletion (% of GNI),NY.ADJ.DNGY.GN.ZS,0
Cambodia,KHM,2018,Adjusted savings: energy depletion (% of GNI),NY.ADJ.DNGY.GN.ZS,0.000222360447454707
Cambodia,KHM,2017,Adjusted savings: energy depletion (% of GNI),NY.ADJ.DNGY.GN.ZS,0.000193501398084647
Cambodia,KHM,2016,Adjusted savings: energy depletion (% of GNI),NY.ADJ.DNGY.GN.ZS,0
Cambodia,KHM,2015,Adjusted savings: energy depletion (% of GNI),NY.ADJ.DNGY.GN.ZS,0
Cambodia,KHM,2014,Adjusted savings: energy depletion (% of GNI),NY.ADJ.DNGY.GN.ZS,0
Cambodia,KHM,2013,Adjusted savings: energy depletion (% of GNI),NY.ADJ.DNGY.GN.ZS,0
Cambodia,KHM,2012,Adjusted savings: energy depletion (% of GNI),NY.ADJ.DNGY.GN.ZS,0
Cambodia,KHM,2011,Adjusted savings: energy depletion (% of GNI),NY.ADJ.DNGY.GN.ZS,0
Cambodia,KHM,2010,Adjusted savings: energy depletion (% of GNI),NY.ADJ.DNGY.GN.ZS,0
Cambodia,KHM,2009,Adjusted savings: energy depletion (% of GNI),NY.ADJ.DNGY.GN.ZS,0
Cambodia,KHM,2008,Adjusted savings: energy depletion (% of GNI),NY.ADJ.DNGY.GN.ZS,0
Cambodia,KHM,2007,Adjusted savings: energy depletion (% of GNI),NY.ADJ.DNGY.GN.ZS,0
Cambodia,KHM,2006,Adjusted savings: energy depletion (% of GNI),NY.ADJ.DNGY.GN.ZS,0
Cambodia,KHM,2005,Adjusted savings: energy depletion (% of GNI),NY.ADJ.DNGY.GN.ZS,0
Cambodia,KHM,2004,Adjusted savings: energy depletion (% of GNI),NY.ADJ.DNGY.GN.ZS,0
Cambodia,KHM,2003,Adjusted savings: energy depletion (% of GNI),NY.ADJ.DNGY.GN.ZS,0
Cambodia,KHM,2002,Adjusted savings: energy depletion (% of GNI),NY.ADJ.DNGY.GN.ZS,0
Cambodia,KHM,2001,Adjusted savings: energy depletion (% of GNI),NY.ADJ.DNGY.GN.ZS,0
Cambodia,KHM,2000,Adjusted savings: energy depletion (% of GNI),NY.ADJ.DNGY.GN.ZS,0
Cambodia,KHM,1999,Adjusted savings: energy depletion (% of GNI),NY.ADJ.DNGY.GN.ZS,0
Cambodia,KHM,1998,Adjusted savings: energy depletion (% of GNI),NY.ADJ.DNGY.GN.ZS,0
Cambodia,KHM,1997,Adjusted savings: energy depletion (% of GNI),NY.ADJ.DNGY.GN.ZS,0
Cambodia,KHM,1996,Adjusted savings: energy depletion (% of GNI),NY.ADJ.DNGY.GN.ZS,0
Cambodia,KHM,1995,Adjusted savings: energy depletion (% of GNI),NY.ADJ.DNGY.GN.ZS,0
Cambodia,KHM,2020,Adjusted savings: natural resources depletion (% of GNI),NY.ADJ.DRES.GN.ZS,0.121432978556639
Cambodia,KHM,2019,Adjusted savings: natural resources depletion (% of GNI),NY.ADJ.DRES.GN.ZS,0
Cambodia,KHM,2018,Adjusted savings: natural resources depletion (% of GNI),NY.ADJ.DRES.GN.ZS,0.000222360447454707
Cambodia,KHM,2017,Adjusted savings: natural resources depletion (% of GNI),NY.ADJ.DRES.GN.ZS,0.000193501398084647
Cambodia,KHM,2016,Adjusted savings: natural resources depletion (% of GNI),NY.ADJ.DRES.GN.ZS,0
Cambodia,KHM,2015,Adjusted savings: natural resources depletion (% of GNI),NY.ADJ.DRES.GN.ZS,0
Cambodia,KHM,2014,Adjusted savings: natural resources depletion (% of GNI),NY.ADJ.DRES.GN.ZS,0
Cambodia,KHM,2013,Adjusted savings: natural resources depletion (% of GNI),NY.ADJ.DRES.GN.ZS,0
Cambodia,KHM,2012,Adjusted savings: natural resources depletion (% of GNI),NY.ADJ.DRES.GN.ZS,0
Cambodia,KHM,2011,Adjusted savings: natural resources depletion (% of GNI),NY.ADJ.DRES.GN.ZS,0
Cambodia,KHM,2010,Adjusted savings: natural resources depletion (% of GNI),NY.ADJ.DRES.GN.ZS,0
Cambodia,KHM,2009,Adjusted savings: natural resources depletion (% of GNI),NY.ADJ.DRES.GN.ZS,0
Cambodia,KHM,2008,Adjusted savings: natural resources depletion (% of GNI),NY.ADJ.DRES.GN.ZS,0
Cambodia,KHM,2007,Adjusted savings: natural resources depletion (% of GNI),NY.ADJ.DRES.GN.ZS,0
Cambodia,KHM,2006,Adjusted savings: natural resources depletion (% of GNI),NY.ADJ.DRES.GN.ZS,0
Cambodia,KHM,2005,Adjusted savings: natural resources depletion (% of GNI),NY.ADJ.DRES.GN.ZS,0
Cambodia,KHM,2004,Adjusted savings: natural resources depletion (% of GNI),NY.ADJ.DRES.GN.ZS,0
Cambodia,KHM,2003,Adjusted savings: natural resources depletion (% of GNI),NY.ADJ.DRES.GN.ZS,0
Cambodia,KHM,2002,Adjusted savings: natural resources depletion (% of GNI),NY.ADJ.DRES.GN.ZS,0
Cambodia,KHM,2001,Adjusted savings: natural resources depletion (% of GNI),NY.ADJ.DRES.GN.ZS,0
Cambodia,KHM,2000,Adjusted savings: natural resources depletion (% of GNI),NY.ADJ.DRES.GN.ZS,0
Cambodia,KHM,1999,Adjusted savings: natural resources depletion (% of GNI),NY.ADJ.DRES.GN.ZS,0
Cambodia,KHM,1998,Adjusted savings: natural resources depletion (% of GNI),NY.ADJ.DRES.GN.ZS,0
Cambodia,KHM,1997,Adjusted savings: natural resources depletion (% of GNI),NY.ADJ.DRES.GN.ZS,0
Cambodia,KHM,1996,Adjusted savings: natural resources depletion (% of GNI),NY.ADJ.DRES.GN.ZS,0
Cambodia,KHM,1995,Adjusted savings: natural resources depletion (% of GNI),NY.ADJ.DRES.GN.ZS,0
Cambodia,KHM,2021,Mineral rents (% of GDP),NY.GDP.MINR.RT.ZS,0
Cambodia,KHM,2020,Mineral rents (% of GDP),NY.GDP.MINR.RT.ZS,0
Cambodia,KHM,2019,Mineral rents (% of GDP),NY.GDP.MINR.RT.ZS,0
Cambodia,KHM,2018,Mineral rents (% of GDP),NY.GDP.MINR.RT.ZS,0
Cambodia,KHM,2017,Mineral rents (% of GDP),NY.GDP.MINR.RT.ZS,0
Cambodia,KHM,2016,Mineral rents (% of GDP),NY.GDP.MINR.RT.ZS,0
Cambodia,KHM,2015,Mineral rents (% of GDP),NY.GDP.MINR.RT.ZS,0
Cambodia,KHM,2014,Mineral rents (% of GDP),NY.GDP.MINR.RT.ZS,0
Cambodia,KHM,2013,Mineral rents (% of GDP),NY.GDP.MINR.RT.ZS,0
Cambodia,KHM,2012,Mineral rents (% of GDP),NY.GDP.MINR.RT.ZS,0
Cambodia,KHM,2011,Mineral rents (% of GDP),NY.GDP.MINR.RT.ZS,0
Cambodia,KHM,2010,Mineral rents (% of GDP),NY.GDP.MINR.RT.ZS,0
Cambodia,KHM,2009,Mineral rents (% of GDP),NY.GDP.MINR.RT.ZS,0
Cambodia,KHM,2008,Mineral rents (% of GDP),NY.GDP.MINR.RT.ZS,0
Cambodia,KHM,2007,Mineral rents (% of GDP),NY.GDP.MINR.RT.ZS,0
Cambodia,KHM,2006,Mineral rents (% of GDP),NY.GDP.MINR.RT.ZS,0
Cambodia,KHM,2005,Mineral rents (% of GDP),NY.GDP.MINR.RT.ZS,0
Cambodia,KHM,2004,Mineral rents (% of GDP),NY.GDP.MINR.RT.ZS,0
Cambodia,KHM,2003,Mineral rents (% of GDP),NY.GDP.MINR.RT.ZS,0
Cambodia,KHM,2002,Mineral rents (% of GDP),NY.GDP.MINR.RT.ZS,0
Cambodia,KHM,2001,Mineral rents (% of GDP),NY.GDP.MINR.RT.ZS,0
Cambodia,KHM,2000,Mineral rents (% of GDP),NY.GDP.MINR.RT.ZS,0
Cambodia,KHM,1999,Mineral rents (% of GDP),NY.GDP.MINR.RT.ZS,0
Cambodia,KHM,1998,Mineral rents (% of GDP),NY.GDP.MINR.RT.ZS,0
Cambodia,KHM,1997,Mineral rents (% of GDP),NY.GDP.MINR.RT.ZS,0
Cambodia,KHM,1996,Mineral rents (% of GDP),NY.GDP.MINR.RT.ZS,0
Cambodia,KHM,1995,Mineral rents (% of GDP),NY.GDP.MINR.RT.ZS,0
Cambodia,KHM,1994,Mineral rents (% of GDP),NY.GDP.MINR.RT.ZS,0
Cambodia,KHM,1993,Mineral rents (% of GDP),NY.GDP.MINR.RT.ZS,0
Cambodia,KHM,1974,Mineral rents (% of GDP),NY.GDP.MINR.RT.ZS,0.0195705134311356
Cambodia,KHM,1973,Mineral rents (% of GDP),NY.GDP.MINR.RT.ZS,0
Cambodia,KHM,1972,Mineral rents (% of GDP),NY.GDP.MINR.RT.ZS,0
Cambodia,KHM,1971,Mineral rents (% of GDP),NY.GDP.MINR.RT.ZS,0
Cambodia,KHM,1970,Mineral rents (% of GDP),NY.GDP.MINR.RT.ZS,0
Cambodia,KHM,2021,Natural gas rents (% of GDP),NY.GDP.NGAS.RT.ZS,0
Cambodia,KHM,2020,Natural gas rents (% of GDP),NY.GDP.NGAS.RT.ZS,0
Cambodia,KHM,2019,Natural gas rents (% of GDP),NY.GDP.NGAS.RT.ZS,0
Cambodia,KHM,2018,Natural gas rents (% of GDP),NY.GDP.NGAS.RT.ZS,0
Cambodia,KHM,2017,Natural gas rents (% of GDP),NY.GDP.NGAS.RT.ZS,0
Cambodia,KHM,2016,Natural gas rents (% of GDP),NY.GDP.NGAS.RT.ZS,0
Cambodia,KHM,2015,Natural gas rents (% of GDP),NY.GDP.NGAS.RT.ZS,0
Cambodia,KHM,2014,Natural gas rents (% of GDP),NY.GDP.NGAS.RT.ZS,0
Cambodia,KHM,2013,Natural gas rents (% of GDP),NY.GDP.NGAS.RT.ZS,0
Cambodia,KHM,2012,Natural gas rents (% of GDP),NY.GDP.NGAS.RT.ZS,0
Cambodia,KHM,2011,Natural gas rents (% of GDP),NY.GDP.NGAS.RT.ZS,0
Cambodia,KHM,2010,Natural gas rents (% of GDP),NY.GDP.NGAS.RT.ZS,0
Cambodia,KHM,2009,Natural gas rents (% of GDP),NY.GDP.NGAS.RT.ZS,0
Cambodia,KHM,2008,Natural gas rents (% of GDP),NY.GDP.NGAS.RT.ZS,0
Cambodia,KHM,2007,Natural gas rents (% of GDP),NY.GDP.NGAS.RT.ZS,0
Cambodia,KHM,2006,Natural gas rents (% of GDP),NY.GDP.NGAS.RT.ZS,0
Cambodia,KHM,2005,Natural gas rents (% of GDP),NY.GDP.NGAS.RT.ZS,0
Cambodia,KHM,2004,Natural gas rents (% of GDP),NY.GDP.NGAS.RT.ZS,0
Cambodia,KHM,2003,Natural gas rents (% of GDP),NY.GDP.NGAS.RT.ZS,0
Cambodia,KHM,2002,Natural gas rents (% of GDP),NY.GDP.NGAS.RT.ZS,0
Cambodia,KHM,2001,Natural gas rents (% of GDP),NY.GDP.NGAS.RT.ZS,0
Cambodia,KHM,2000,Natural gas rents (% of GDP),NY.GDP.NGAS.RT.ZS,0
Cambodia,KHM,1999,Natural gas rents (% of GDP),NY.GDP.NGAS.RT.ZS,0
Cambodia,KHM,1998,Natural gas rents (% of GDP),NY.GDP.NGAS.RT.ZS,0
Cambodia,KHM,1997,Natural gas rents (% of GDP),NY.GDP.NGAS.RT.ZS,0
Cambodia,KHM,1996,Natural gas rents (% of GDP),NY.GDP.NGAS.RT.ZS,0
Cambodia,KHM,1995,Natural gas rents (% of GDP),NY.GDP.NGAS.RT.ZS,0
Cambodia,KHM,1994,Natural gas rents (% of GDP),NY.GDP.NGAS.RT.ZS,0
Cambodia,KHM,1993,Natural gas rents (% of GDP),NY.GDP.NGAS.RT.ZS,0
Cambodia,KHM,2021,Oil rents (% of GDP),NY.GDP.PETR.RT.ZS,0.0410317572268778
Cambodia,KHM,2020,Oil rents (% of GDP),NY.GDP.PETR.RT.ZS,0.000136728305235044
Cambodia,KHM,2019,Oil rents (% of GDP),NY.GDP.PETR.RT.ZS,0
Cambodia,KHM,2018,Oil rents (% of GDP),NY.GDP.PETR.RT.ZS,0
Cambodia,KHM,2017,Oil rents (% of GDP),NY.GDP.PETR.RT.ZS,0
Cambodia,KHM,2016,Oil rents (% of GDP),NY.GDP.PETR.RT.ZS,0
Cambodia,KHM,2015,Oil rents (% of GDP),NY.GDP.PETR.RT.ZS,0
Cambodia,KHM,2014,Oil rents (% of GDP),NY.GDP.PETR.RT.ZS,0
Cambodia,KHM,2013,Oil rents (% of GDP),NY.GDP.PETR.RT.ZS,0
Cambodia,KHM,2012,Oil rents (% of GDP),NY.GDP.PETR.RT.ZS,0
Cambodia,KHM,2011,Oil rents (% of GDP),NY.GDP.PETR.RT.ZS,0
Cambodia,KHM,2010,Oil rents (% of GDP),NY.GDP.PETR.RT.ZS,0
Cambodia,KHM,2008,Oil rents (% of GDP),NY.GDP.PETR.RT.ZS,0
Cambodia,KHM,2007,Oil rents (% of GDP),NY.GDP.PETR.RT.ZS,0
Cambodia,KHM,2006,Oil rents (% of GDP),NY.GDP.PETR.RT.ZS,0
Cambodia,KHM,2005,Oil rents (% of GDP),NY.GDP.PETR.RT.ZS,0
Cambodia,KHM,2004,Oil rents (% of GDP),NY.GDP.PETR.RT.ZS,0
Cambodia,KHM,2003,Oil rents (% of GDP),NY.GDP.PETR.RT.ZS,0
Cambodia,KHM,2002,Oil rents (% of GDP),NY.GDP.PETR.RT.ZS,0
Cambodia,KHM,2001,Oil rents (% of GDP),NY.GDP.PETR.RT.ZS,0
Cambodia,KHM,2000,Oil rents (% of GDP),NY.GDP.PETR.RT.ZS,0
Cambodia,KHM,1999,Oil rents (% of GDP),NY.GDP.PETR.RT.ZS,0
Cambodia,KHM,1998,Oil rents (% of GDP),NY.GDP.PETR.RT.ZS,0
Cambodia,KHM,1997,Oil rents (% of GDP),NY.GDP.PETR.RT.ZS,0
Cambodia,KHM,1996,Oil rents (% of GDP),NY.GDP.PETR.RT.ZS,0
Cambodia,KHM,1995,Oil rents (% of GDP),NY.GDP.PETR.RT.ZS,0
Cambodia,KHM,1994,Oil rents (% of GDP),NY.GDP.PETR.RT.ZS,0
Cambodia,KHM,1993,Oil rents (% of GDP),NY.GDP.PETR.RT.ZS,0
Cambodia,KHM,2021,Total natural resources rents (% of GDP),NY.GDP.TOTL.RT.ZS,0.835283715830679
Cambodia,KHM,2020,Total natural resources rents (% of GDP),NY.GDP.TOTL.RT.ZS,0.939357675669705
Cambodia,KHM,2019,Total natural resources rents (% of GDP),NY.GDP.TOTL.RT.ZS,0.714485690319546
Cambodia,KHM,2018,Total natural resources rents (% of GDP),NY.GDP.TOTL.RT.ZS,0.878243793336486
Cambodia,KHM,2017,Total natural resources rents (% of GDP),NY.GDP.TOTL.RT.ZS,1.93735308627642
Cambodia,KHM,2016,Total natural resources rents (% of GDP),NY.GDP.TOTL.RT.ZS,1.84795765204296
Cambodia,KHM,2015,Total natural resources rents (% of GDP),NY.GDP.TOTL.RT.ZS,1.81768657277543
Cambodia,KHM,2014,Total natural resources rents (% of GDP),NY.GDP.TOTL.RT.ZS,2.54882052672262
Cambodia,KHM,2013,Total natural resources rents (% of GDP),NY.GDP.TOTL.RT.ZS,1.91421458050803
Cambodia,KHM,2012,Total natural resources rents (% of GDP),NY.GDP.TOTL.RT.ZS,2.30628839011523
Cambodia,KHM,2011,Total natural resources rents (% of GDP),NY.GDP.TOTL.RT.ZS,3.05094914293833
Cambodia,KHM,2010,Total natural resources rents (% of GDP),NY.GDP.TOTL.RT.ZS,2.69595952988072
Cambodia,KHM,2009,Total natural resources rents (% of GDP),NY.GDP.TOTL.RT.ZS,2.86278006732138
Cambodia,KHM,2008,Total natural resources rents (% of GDP),NY.GDP.TOTL.RT.ZS,3.09984061594357
Cambodia,KHM,2007,Total natural resources rents (% of GDP),NY.GDP.TOTL.RT.ZS,2.24551946036928
Cambodia,KHM,2006,Total natural resources rents (% of GDP),NY.GDP.TOTL.RT.ZS,1.80686995063803
Cambodia,KHM,2005,Total natural resources rents (% of GDP),NY.GDP.TOTL.RT.ZS,1.80881542802358
Cambodia,KHM,2004,Total natural resources rents (% of GDP),NY.GDP.TOTL.RT.ZS,3.20411639282305
Cambodia,KHM,2003,Total natural resources rents (% of GDP),NY.GDP.TOTL.RT.ZS,3.41050263145395
Cambodia,KHM,2002,Total natural resources rents (% of GDP),NY.GDP.TOTL.RT.ZS,2.59547615171282
Cambodia,KHM,2001,Total natural resources rents (% of GDP),NY.GDP.TOTL.RT.ZS,2.53091563396547
Cambodia,KHM,2000,Total natural resources rents (% of GDP),NY.GDP.TOTL.RT.ZS,2.46904397167855
Cambodia,KHM,1999,Total natural resources rents (% of GDP),NY.GDP.TOTL.RT.ZS,3.39355720847191
Cambodia,KHM,1998,Total natural resources rents (% of GDP),NY.GDP.TOTL.RT.ZS,6.55608221507239
Cambodia,KHM,1997,Total natural resources rents (% of GDP),NY.GDP.TOTL.RT.ZS,7.1281537497844
Cambodia,KHM,1996,Total natural resources rents (% of GDP),NY.GDP.TOTL.RT.ZS,8.26618207665232
Cambodia,KHM,1995,Total natural resources rents (% of GDP),NY.GDP.TOTL.RT.ZS,8.32675194752688
Cambodia,KHM,1994,Total natural resources rents (% of GDP),NY.GDP.TOTL.RT.ZS,6.74392193192115
Cambodia,KHM,1993,Total natural resources rents (% of GDP),NY.GDP.TOTL.RT.ZS,5.47129623378338
Cambodia,KHM,1974,Total natural resources rents (% of GDP),NY.GDP.TOTL.RT.ZS,14.8192629200358
Cambodia,KHM,1973,Total natural resources rents (% of GDP),NY.GDP.TOTL.RT.ZS,13.3615931462591
Cambodia,KHM,1972,Total natural resources rents (% of GDP),NY.GDP.TOTL.RT.ZS,7.0075045494724
Cambodia,KHM,1971,Total natural resources rents (% of GDP),NY.GDP.TOTL.RT.ZS,2.59016996695292
Cambodia,KHM,1970,Total natural resources rents (% of GDP),NY.GDP.TOTL.RT.ZS,4.31058172482676
Cambodia,KHM,2021,Fuel imports (% of merchandise imports),TM.VAL.FUEL.ZS.UN,8.23126019771991
Cambodia,KHM,2020,Fuel imports (% of merchandise imports),TM.VAL.FUEL.ZS.UN,9.90639676018236
Cambodia,KHM,2019,Fuel imports (% of merchandise imports),TM.VAL.FUEL.ZS.UN,11.5797538933576
Cambodia,KHM,2018,Fuel imports (% of merchandise imports),TM.VAL.FUEL.ZS.UN,11.5269340652074
Cambodia,KHM,2017,Fuel imports (% of merchandise imports),TM.VAL.FUEL.ZS.UN,9.91824183539292
Cambodia,KHM,2016,Fuel imports (% of merchandise imports),TM.VAL.FUEL.ZS.UN,8.71937203416524
Cambodia,KHM,2015,Fuel imports (% of merchandise imports),TM.VAL.FUEL.ZS.UN,0.7958078030505
Cambodia,KHM,2014,Fuel imports (% of merchandise imports),TM.VAL.FUEL.ZS.UN,3.30363703167592
Cambodia,KHM,2013,Fuel imports (% of merchandise imports),TM.VAL.FUEL.ZS.UN,12.1316641390757
Cambodia,KHM,2012,Fuel imports (% of merchandise imports),TM.VAL.FUEL.ZS.UN,15.5903862729821
Cambodia,KHM,2011,Fuel imports (% of merchandise imports),TM.VAL.FUEL.ZS.UN,13.6775138337939
Cambodia,KHM,2010,Fuel imports (% of merchandise imports),TM.VAL.FUEL.ZS.UN,7.06597230628111
Cambodia,KHM,2009,Fuel imports (% of merchandise imports),TM.VAL.FUEL.ZS.UN,9.78593093347962
Cambodia,KHM,2008,Fuel imports (% of merchandise imports),TM.VAL.FUEL.ZS.UN,7.56938867520355
Cambodia,KHM,2007,Fuel imports (% of merchandise imports),TM.VAL.FUEL.ZS.UN,8.35254378503395
Cambodia,KHM,2006,Fuel imports (% of merchandise imports),TM.VAL.FUEL.ZS.UN,7.92136523013631
Cambodia,KHM,2005,Fuel imports (% of merchandise imports),TM.VAL.FUEL.ZS.UN,7.36979684110977
Cambodia,KHM,2004,Fuel imports (% of merchandise imports),TM.VAL.FUEL.ZS.UN,9.83488709348962
Cambodia,KHM,2003,Fuel imports (% of merchandise imports),TM.VAL.FUEL.ZS.UN,11.0623331780176
Cambodia,KHM,2002,Fuel imports (% of merchandise imports),TM.VAL.FUEL.ZS.UN,10.9603798371052
Cambodia,KHM,2001,Fuel imports (% of merchandise imports),TM.VAL.FUEL.ZS.UN,13.8018183231504
Cambodia,KHM,2000,Fuel imports (% of merchandise imports),TM.VAL.FUEL.ZS.UN,12.6907081178027
Cambodia,KHM,1972,Fuel imports (% of merchandise imports),TM.VAL.FUEL.ZS.UN,1.71320476813689
Cambodia,KHM,1971,Fuel imports (% of merchandise imports),TM.VAL.FUEL.ZS.UN,3.10571237875293
Cambodia,KHM,1970,Fuel imports (% of merchandise imports),TM.VAL.FUEL.ZS.UN,7.02948870757543
Cambodia,KHM,1969,Fuel imports (% of merchandise imports),TM.VAL.FUEL.ZS.UN,4.73371530907712
Cambodia,KHM,1968,Fuel imports (% of merchandise imports),TM.VAL.FUEL.ZS.UN,7.74389945369813
Cambodia,KHM,1967,Fuel imports (% of merchandise imports),TM.VAL.FUEL.ZS.UN,9.9063708619003
Cambodia,KHM,1966,Fuel imports (% of merchandise imports),TM.VAL.FUEL.ZS.UN,8.55141764208832
Cambodia,KHM,1965,Fuel imports (% of merchandise imports),TM.VAL.FUEL.ZS.UN,7.26812780309575
Cambodia,KHM,1964,Fuel imports (% of merchandise imports),TM.VAL.FUEL.ZS.UN,8.20209413525552
Cambodia,KHM,1963,Fuel imports (% of merchandise imports),TM.VAL.FUEL.ZS.UN,8.47521222817677
Cambodia,KHM,1962,Fuel imports (% of merchandise imports),TM.VAL.FUEL.ZS.UN,7.62755699574215
Cambodia,KHM,2021,Ores and metals imports (% of merchandise imports),TM.VAL.MMTL.ZS.UN,2.31120719968361
Cambodia,KHM,2020,Ores and metals imports (% of merchandise imports),TM.VAL.MMTL.ZS.UN,2.13869078194586
Cambodia,KHM,2019,Ores and metals imports (% of merchandise imports),TM.VAL.MMTL.ZS.UN,1.68809284728555
Cambodia,KHM,2018,Ores and metals imports (% of merchandise imports),TM.VAL.MMTL.ZS.UN,1.43896859428092
Cambodia,KHM,2017,Ores and metals imports (% of merchandise imports),TM.VAL.MMTL.ZS.UN,1.5779366890007
Cambodia,KHM,2016,Ores and metals imports (% of merchandise imports),TM.VAL.MMTL.ZS.UN,1.49447696961424
Cambodia,KHM,2015,Ores and metals imports (% of merchandise imports),TM.VAL.MMTL.ZS.UN,1.51499941642998
Cambodia,KHM,2014,Ores and metals imports (% of merchandise imports),TM.VAL.MMTL.ZS.UN,1.37387964733001
Cambodia,KHM,2013,Ores and metals imports (% of merchandise imports),TM.VAL.MMTL.ZS.UN,1.32539983967697
Cambodia,KHM,2012,Ores and metals imports (% of merchandise imports),TM.VAL.MMTL.ZS.UN,1.51279848395219
Cambodia,KHM,2011,Ores and metals imports (% of merchandise imports),TM.VAL.MMTL.ZS.UN,1.36655322111764
Cambodia,KHM,2010,Ores and metals imports (% of merchandise imports),TM.VAL.MMTL.ZS.UN,1.48241756730516
Cambodia,KHM,2009,Ores and metals imports (% of merchandise imports),TM.VAL.MMTL.ZS.UN,1.37919900188531
Cambodia,KHM,2008,Ores and metals imports (% of merchandise imports),TM.VAL.MMTL.ZS.UN,2.27531533012103
Cambodia,KHM,2007,Ores and metals imports (% of merchandise imports),TM.VAL.MMTL.ZS.UN,0.621774774631774
Cambodia,KHM,2006,Ores and metals imports (% of merchandise imports),TM.VAL.MMTL.ZS.UN,0.601307371171062
Cambodia,KHM,2005,Ores and metals imports (% of merchandise imports),TM.VAL.MMTL.ZS.UN,0.366714372026795
Cambodia,KHM,2004,Ores and metals imports (% of merchandise imports),TM.VAL.MMTL.ZS.UN,0.334267491245417
Cambodia,KHM,2003,Ores and metals imports (% of merchandise imports),TM.VAL.MMTL.ZS.UN,0.483986210163861
Cambodia,KHM,2002,Ores and metals imports (% of merchandise imports),TM.VAL.MMTL.ZS.UN,0.638057149032993
Cambodia,KHM,2001,Ores and metals imports (% of merchandise imports),TM.VAL.MMTL.ZS.UN,0.448929146748744
Cambodia,KHM,2000,Ores and metals imports (% of merchandise imports),TM.VAL.MMTL.ZS.UN,0.396593299253672
Cambodia,KHM,1972,Ores and metals imports (% of merchandise imports),TM.VAL.MMTL.ZS.UN,0.974054503648809
Cambodia,KHM,1971,Ores and metals imports (% of merchandise imports),TM.VAL.MMTL.ZS.UN,0.804431574726179
Cambodia,KHM,1970,Ores and metals imports (% of merchandise imports),TM.VAL.MMTL.ZS.UN,2.09240460410777
Cambodia,KHM,1969,Ores and metals imports (% of merchandise imports),TM.VAL.MMTL.ZS.UN,1.9930065614353
Cambodia,KHM,1968,Ores and metals imports (% of merchandise imports),TM.VAL.MMTL.ZS.UN,1.74106150797154
Cambodia,KHM,1967,Ores and metals imports (% of merchandise imports),TM.VAL.MMTL.ZS.UN,1.87705205986267
Cambodia,KHM,1966,Ores and metals imports (% of merchandise imports),TM.VAL.MMTL.ZS.UN,1.48849754383599
Cambodia,KHM,1965,Ores and metals imports (% of merchandise imports),TM.VAL.MMTL.ZS.UN,1.20531708475322
Cambodia,KHM,1964,Ores and metals imports (% of merchandise imports),TM.VAL.MMTL.ZS.UN,1.30192746585047
Cambodia,KHM,1963,Ores and metals imports (% of merchandise imports),TM.VAL.MMTL.ZS.UN,1.53303441318907
Cambodia,KHM,1962,Ores and metals imports (% of merchandise imports),TM.VAL.MMTL.ZS.UN,0.559721935542211
Cambodia,KHM,2021,Fuel exports (% of merchandise exports),TX.VAL.FUEL.ZS.UN,1.54452172022629e-05
Cambodia,KHM,2020,Fuel exports (% of merchandise exports),TX.VAL.FUEL.ZS.UN,2.05458542426352e-06
Cambodia,KHM,2019,Fuel exports (% of merchandise exports),TX.VAL.FUEL.ZS.UN,6.86016223373177e-06
Cambodia,KHM,2018,Fuel exports (% of merchandise exports),TX.VAL.FUEL.ZS.UN,0.000711771727128381
Cambodia,KHM,2017,Fuel exports (% of merchandise exports),TX.VAL.FUEL.ZS.UN,5.14269745698374e-06
Cambodia,KHM,2016,Fuel exports (% of merchandise exports),TX.VAL.FUEL.ZS.UN,0.00771430550339896
Cambodia,KHM,2015,Fuel exports (% of merchandise exports),TX.VAL.FUEL.ZS.UN,2.94178463210652e-05
Cambodia,KHM,2014,Fuel exports (% of merchandise exports),TX.VAL.FUEL.ZS.UN,3.21354629705442e-07
Cambodia,KHM,2013,Fuel exports (% of merchandise exports),TX.VAL.FUEL.ZS.UN,0.00090773896774651
Cambodia,KHM,2012,Fuel exports (% of merchandise exports),TX.VAL.FUEL.ZS.UN,0.0146952518008779
Cambodia,KHM,2010,Fuel exports (% of merchandise exports),TX.VAL.FUEL.ZS.UN,0.000103593777569394
Cambodia,KHM,2008,Fuel exports (% of merchandise exports),TX.VAL.FUEL.ZS.UN,1.23445790961278e-05
Cambodia,KHM,2005,Fuel exports (% of merchandise exports),TX.VAL.FUEL.ZS.UN,7.95067134763237e-07
Cambodia,KHM,2004,Fuel exports (% of merchandise exports),TX.VAL.FUEL.ZS.UN,0.00117347334534206
Cambodia,KHM,2003,Fuel exports (% of merchandise exports),TX.VAL.FUEL.ZS.UN,0.000946547702946242
Cambodia,KHM,2002,Fuel exports (% of merchandise exports),TX.VAL.FUEL.ZS.UN,0.000663861490453446
Cambodia,KHM,2001,Fuel exports (% of merchandise exports),TX.VAL.FUEL.ZS.UN,0.0031830064842495
Cambodia,KHM,2000,Fuel exports (% of merchandise exports),TX.VAL.FUEL.ZS.UN,0.00103234740919474
Cambodia,KHM,1972,Fuel exports (% of merchandise exports),TX.VAL.FUEL.ZS.UN,0.00750692296810375
Cambodia,KHM,1971,Fuel exports (% of merchandise exports),TX.VAL.FUEL.ZS.UN,5.27511699919883
Cambodia,KHM,1970,Fuel exports (% of merchandise exports),TX.VAL.FUEL.ZS.UN,1.72192472169129
Cambodia,KHM,1969,Fuel exports (% of merchandise exports),TX.VAL.FUEL.ZS.UN,0.586181113265024
Cambodia,KHM,1967,Fuel exports (% of merchandise exports),TX.VAL.FUEL.ZS.UN,0.00645555418975943
Cambodia,KHM,1966,Fuel exports (% of merchandise exports),TX.VAL.FUEL.ZS.UN,0.0366499089708591
Cambodia,KHM,1965,Fuel exports (% of merchandise exports),TX.VAL.FUEL.ZS.UN,0.0341975101890635
Cambodia,KHM,1964,Fuel exports (% of merchandise exports),TX.VAL.FUEL.ZS.UN,0.105214942688226
Cambodia,KHM,1963,Fuel exports (% of merchandise exports),TX.VAL.FUEL.ZS.UN,0.135821951264221
Cambodia,KHM,1962,Fuel exports (% of merchandise exports),TX.VAL.FUEL.ZS.UN,0.0666814774139905
Cambodia,KHM,2021,Ores and metals exports (% of merchandise exports),TX.VAL.MMTL.ZS.UN,0.983351525712519
Cambodia,KHM,2020,Ores and metals exports (% of merchandise exports),TX.VAL.MMTL.ZS.UN,0.558161545736656
Cambodia,KHM,2019,Ores and metals exports (% of merchandise exports),TX.VAL.MMTL.ZS.UN,0.488076414316141
Cambodia,KHM,2018,Ores and metals exports (% of merchandise exports),TX.VAL.MMTL.ZS.UN,0.273950400208494
Cambodia,KHM,2017,Ores and metals exports (% of merchandise exports),TX.VAL.MMTL.ZS.UN,0.28104413339852
Cambodia,KHM,2016,Ores and metals exports (% of merchandise exports),TX.VAL.MMTL.ZS.UN,0.127397850611072
Cambodia,KHM,2015,Ores and metals exports (% of merchandise exports),TX.VAL.MMTL.ZS.UN,0.124488903858139
Cambodia,KHM,2014,Ores and metals exports (% of merchandise exports),TX.VAL.MMTL.ZS.UN,0.259411640523026
Cambodia,KHM,2013,Ores and metals exports (% of merchandise exports),TX.VAL.MMTL.ZS.UN,0.24245728980932
Cambodia,KHM,2012,Ores and metals exports (% of merchandise exports),TX.VAL.MMTL.ZS.UN,0.157583279131326
Cambodia,KHM,2011,Ores and metals exports (% of merchandise exports),TX.VAL.MMTL.ZS.UN,0.0803694500061509
Cambodia,KHM,2010,Ores and metals exports (% of merchandise exports),TX.VAL.MMTL.ZS.UN,0.130283280576471
Cambodia,KHM,2009,Ores and metals exports (% of merchandise exports),TX.VAL.MMTL.ZS.UN,0.760522378035563
Cambodia,KHM,2008,Ores and metals exports (% of merchandise exports),TX.VAL.MMTL.ZS.UN,2.78724412660386
Cambodia,KHM,2007,Ores and metals exports (% of merchandise exports),TX.VAL.MMTL.ZS.UN,0.121352039392554
Cambodia,KHM,2006,Ores and metals exports (% of merchandise exports),TX.VAL.MMTL.ZS.UN,0.027667968493213
Cambodia,KHM,2005,Ores and metals exports (% of merchandise exports),TX.VAL.MMTL.ZS.UN,0.0149248014869918
Cambodia,KHM,2004,Ores and metals exports (% of merchandise exports),TX.VAL.MMTL.ZS.UN,0.0072995346803209
Cambodia,KHM,2003,Ores and metals exports (% of merchandise exports),TX.VAL.MMTL.ZS.UN,0.0199753195594025
Cambodia,KHM,2002,Ores and metals exports (% of merchandise exports),TX.VAL.MMTL.ZS.UN,0.000592878337197222
Cambodia,KHM,2001,Ores and metals exports (% of merchandise exports),TX.VAL.MMTL.ZS.UN,0.0017778600611389
Cambodia,KHM,2000,Ores and metals exports (% of merchandise exports),TX.VAL.MMTL.ZS.UN,0.00539369854205809
Cambodia,KHM,1972,Ores and metals exports (% of merchandise exports),TX.VAL.MMTL.ZS.UN,2.85486386299876
Cambodia,KHM,1971,Ores and metals exports (% of merchandise exports),TX.VAL.MMTL.ZS.UN,0.516616003760136
Cambodia,KHM,1970,Ores and metals exports (% of merchandise exports),TX.VAL.MMTL.ZS.UN,0.0570876257945331
Cambodia,KHM,1969,Ores and metals exports (% of merchandise exports),TX.VAL.MMTL.ZS.UN,0.0374211514200437
Cambodia,KHM,1968,Ores and metals exports (% of merchandise exports),TX.VAL.MMTL.ZS.UN,0.0613530740455654
Cambodia,KHM,1967,Ores and metals exports (% of merchandise exports),TX.VAL.MMTL.ZS.UN,8.54960543691326e-05
Cambodia,KHM,1966,Ores and metals exports (% of merchandise exports),TX.VAL.MMTL.ZS.UN,0.000444124292059937
Cambodia,KHM,1965,Ores and metals exports (% of merchandise exports),TX.VAL.MMTL.ZS.UN,0.0138937463041383
Cambodia,KHM,1964,Ores and metals exports (% of merchandise exports),TX.VAL.MMTL.ZS.UN,0.0155770309029646
Cambodia,KHM,1963,Ores and metals exports (% of merchandise exports),TX.VAL.MMTL.ZS.UN,0.00834987583687456
Cambodia,KHM,1962,Ores and metals exports (% of merchandise exports),TX.VAL.MMTL.ZS.UN,0.0300955219614708
