Country Name,Country ISO3,Year,Indicator Name,Indicator Code,Value
#country+name,#country+code,#date+year,#indicator+name,#indicator+code,#indicator+value+num
Vietnam,VNM,2020,Energy intensity level of primary energy (MJ/$2017 PPP GDP),EG.EGY.PRIM.PP.KD,4.05
Vietnam,VNM,2019,Energy intensity level of primary energy (MJ/$2017 PPP GDP),EG.EGY.PRIM.PP.KD,4.11
Vietnam,VNM,2018,Energy intensity level of primary energy (MJ/$2017 PPP GDP),EG.EGY.PRIM.PP.KD,3.91
Vietnam,VNM,2017,Energy intensity level of primary energy (MJ/$2017 PPP GDP),EG.EGY.PRIM.PP.KD,3.55
Vietnam,VNM,2016,Energy intensity level of primary energy (MJ/$2017 PPP GDP),EG.EGY.PRIM.PP.KD,3.65
Vietnam,VNM,2015,Energy intensity level of primary energy (MJ/$2017 PPP GDP),EG.EGY.PRIM.PP.KD,3.54
Vietnam,VNM,2014,Energy intensity level of primary energy (MJ/$2017 PPP GDP),EG.EGY.PRIM.PP.KD,4.11
Vietnam,VNM,2013,Energy intensity level of primary energy (MJ/$2017 PPP GDP),EG.EGY.PRIM.PP.KD,3.91
Vietnam,VNM,2012,Energy intensity level of primary energy (MJ/$2017 PPP GDP),EG.EGY.PRIM.PP.KD,4.01
Vietnam,VNM,2011,Energy intensity level of primary energy (MJ/$2017 PPP GDP),EG.EGY.PRIM.PP.KD,4.18
Vietnam,VNM,2010,Energy intensity level of primary energy (MJ/$2017 PPP GDP),EG.EGY.PRIM.PP.KD,4.44
Vietnam,VNM,2009,Energy intensity level of primary energy (MJ/$2017 PPP GDP),EG.EGY.PRIM.PP.KD,4.29
Vietnam,VNM,2008,Energy intensity level of primary energy (MJ/$2017 PPP GDP),EG.EGY.PRIM.PP.KD,4.14
Vietnam,VNM,2007,Energy intensity level of primary energy (MJ/$2017 PPP GDP),EG.EGY.PRIM.PP.KD,4.09
Vietnam,VNM,2006,Energy intensity level of primary energy (MJ/$2017 PPP GDP),EG.EGY.PRIM.PP.KD,4.07
Vietnam,VNM,2005,Energy intensity level of primary energy (MJ/$2017 PPP GDP),EG.EGY.PRIM.PP.KD,4.25
Vietnam,VNM,2004,Energy intensity level of primary energy (MJ/$2017 PPP GDP),EG.EGY.PRIM.PP.KD,4.31
Vietnam,VNM,2003,Energy intensity level of primary energy (MJ/$2017 PPP GDP),EG.EGY.PRIM.PP.KD,4.18
Vietnam,VNM,2002,Energy intensity level of primary energy (MJ/$2017 PPP GDP),EG.EGY.PRIM.PP.KD,4.25
Vietnam,VNM,2001,Energy intensity level of primary energy (MJ/$2017 PPP GDP),EG.EGY.PRIM.PP.KD,4.14
Vietnam,VNM,2000,Energy intensity level of primary energy (MJ/$2017 PPP GDP),EG.EGY.PRIM.PP.KD,4.13
Vietnam,VNM,2021,"Access to electricity, rural (% of rural population)",EG.ELC.ACCS.RU.ZS,100
Vietnam,VNM,2020,"Access to electricity, rural (% of rural population)",EG.ELC.ACCS.RU.ZS,99.7404085540462
Vietnam,VNM,2019,"Access to electricity, rural (% of rural population)",EG.ELC.ACCS.RU.ZS,99.0532096121598
Vietnam,VNM,2018,"Access to electricity, rural (% of rural population)",EG.ELC.ACCS.RU.ZS,100
Vietnam,VNM,2017,"Access to electricity, rural (% of rural population)",EG.ELC.ACCS.RU.ZS,100
Vietnam,VNM,2016,"Access to electricity, rural (% of rural population)",EG.ELC.ACCS.RU.ZS,98.7784394595682
Vietnam,VNM,2015,"Access to electricity, rural (% of rural population)",EG.ELC.ACCS.RU.ZS,98.8738975855119
Vietnam,VNM,2014,"Access to electricity, rural (% of rural population)",EG.ELC.ACCS.RU.ZS,98.8534275274218
Vietnam,VNM,2013,"Access to electricity, rural (% of rural population)",EG.ELC.ACCS.RU.ZS,97.8285986805144
Vietnam,VNM,2012,"Access to electricity, rural (% of rural population)",EG.ELC.ACCS.RU.ZS,97.0013831921636
Vietnam,VNM,2011,"Access to electricity, rural (% of rural population)",EG.ELC.ACCS.RU.ZS,98.5490423575638
Vietnam,VNM,2010,"Access to electricity, rural (% of rural population)",EG.ELC.ACCS.RU.ZS,96.3590250214376
Vietnam,VNM,2009,"Access to electricity, rural (% of rural population)",EG.ELC.ACCS.RU.ZS,94.6169423583859
Vietnam,VNM,2008,"Access to electricity, rural (% of rural population)",EG.ELC.ACCS.RU.ZS,91.5554155579698
Vietnam,VNM,2007,"Access to electricity, rural (% of rural population)",EG.ELC.ACCS.RU.ZS,90.614429478684
Vietnam,VNM,2006,"Access to electricity, rural (% of rural population)",EG.ELC.ACCS.RU.ZS,94.8011315719724
Vietnam,VNM,2005,"Access to electricity, rural (% of rural population)",EG.ELC.ACCS.RU.ZS,94.7869525108295
Vietnam,VNM,2004,"Access to electricity, rural (% of rural population)",EG.ELC.ACCS.RU.ZS,87.9742309341354
Vietnam,VNM,2003,"Access to electricity, rural (% of rural population)",EG.ELC.ACCS.RU.ZS,87.1467682951405
Vietnam,VNM,2002,"Access to electricity, rural (% of rural population)",EG.ELC.ACCS.RU.ZS,85.5724550379843
Vietnam,VNM,2001,"Access to electricity, rural (% of rural population)",EG.ELC.ACCS.RU.ZS,85.5286201508411
Vietnam,VNM,2000,"Access to electricity, rural (% of rural population)",EG.ELC.ACCS.RU.ZS,84.7229741747286
Vietnam,VNM,1999,"Access to electricity, rural (% of rural population)",EG.ELC.ACCS.RU.ZS,83.2338242443129
Vietnam,VNM,1998,"Access to electricity, rural (% of rural population)",EG.ELC.ACCS.RU.ZS,82.2703123770582
Vietnam,VNM,1997,"Access to electricity, rural (% of rural population)",EG.ELC.ACCS.RU.ZS,72.3781526090116
Vietnam,VNM,2021,"Access to electricity, urban (% of urban population)",EG.ELC.ACCS.UR.ZS,100
Vietnam,VNM,2020,"Access to electricity, urban (% of urban population)",EG.ELC.ACCS.UR.ZS,99.9
Vietnam,VNM,2019,"Access to electricity, urban (% of urban population)",EG.ELC.ACCS.UR.ZS,100
Vietnam,VNM,2018,"Access to electricity, urban (% of urban population)",EG.ELC.ACCS.UR.ZS,100
Vietnam,VNM,2017,"Access to electricity, urban (% of urban population)",EG.ELC.ACCS.UR.ZS,100
Vietnam,VNM,2016,"Access to electricity, urban (% of urban population)",EG.ELC.ACCS.UR.ZS,100
Vietnam,VNM,2015,"Access to electricity, urban (% of urban population)",EG.ELC.ACCS.UR.ZS,99.9987869262695
Vietnam,VNM,2014,"Access to electricity, urban (% of urban population)",EG.ELC.ACCS.UR.ZS,99.9
Vietnam,VNM,2013,"Access to electricity, urban (% of urban population)",EG.ELC.ACCS.UR.ZS,99.9861373901367
Vietnam,VNM,2012,"Access to electricity, urban (% of urban population)",EG.ELC.ACCS.UR.ZS,99.8
Vietnam,VNM,2011,"Access to electricity, urban (% of urban population)",EG.ELC.ACCS.UR.ZS,100
Vietnam,VNM,2010,"Access to electricity, urban (% of urban population)",EG.ELC.ACCS.UR.ZS,99.88
Vietnam,VNM,2009,"Access to electricity, urban (% of urban population)",EG.ELC.ACCS.UR.ZS,99.6
Vietnam,VNM,2008,"Access to electricity, urban (% of urban population)",EG.ELC.ACCS.UR.ZS,99.392951965332
Vietnam,VNM,2007,"Access to electricity, urban (% of urban population)",EG.ELC.ACCS.UR.ZS,99.2936553955078
Vietnam,VNM,2006,"Access to electricity, urban (% of urban population)",EG.ELC.ACCS.UR.ZS,99.1
Vietnam,VNM,2005,"Access to electricity, urban (% of urban population)",EG.ELC.ACCS.UR.ZS,99.6
Vietnam,VNM,2004,"Access to electricity, urban (% of urban population)",EG.ELC.ACCS.UR.ZS,99.1304397583008
Vietnam,VNM,2003,"Access to electricity, urban (% of urban population)",EG.ELC.ACCS.UR.ZS,99.1201629638672
Vietnam,VNM,2002,"Access to electricity, urban (% of urban population)",EG.ELC.ACCS.UR.ZS,99.4
Vietnam,VNM,2001,"Access to electricity, urban (% of urban population)",EG.ELC.ACCS.UR.ZS,99.1280059814453
Vietnam,VNM,2000,"Access to electricity, urban (% of urban population)",EG.ELC.ACCS.UR.ZS,99.1322860717773
Vietnam,VNM,1999,"Access to electricity, urban (% of urban population)",EG.ELC.ACCS.UR.ZS,99.0234451293945
Vietnam,VNM,1998,"Access to electricity, urban (% of urban population)",EG.ELC.ACCS.UR.ZS,98.9819412231445
Vietnam,VNM,1997,"Access to electricity, urban (% of urban population)",EG.ELC.ACCS.UR.ZS,98.6
Vietnam,VNM,2021,Access to electricity (% of population),EG.ELC.ACCS.ZS,100
Vietnam,VNM,2020,Access to electricity (% of population),EG.ELC.ACCS.ZS,99.8
Vietnam,VNM,2019,Access to electricity (% of population),EG.ELC.ACCS.ZS,99.4
Vietnam,VNM,2018,Access to electricity (% of population),EG.ELC.ACCS.ZS,100
Vietnam,VNM,2017,Access to electricity (% of population),EG.ELC.ACCS.ZS,100
Vietnam,VNM,2016,Access to electricity (% of population),EG.ELC.ACCS.ZS,99.2
Vietnam,VNM,2015,Access to electricity (% of population),EG.ELC.ACCS.ZS,99.2542114257813
Vietnam,VNM,2014,Access to electricity (% of population),EG.ELC.ACCS.ZS,99.2
Vietnam,VNM,2013,Access to electricity (% of population),EG.ELC.ACCS.ZS,98.5282669067383
Vietnam,VNM,2012,Access to electricity (% of population),EG.ELC.ACCS.ZS,97.89
Vietnam,VNM,2011,Access to electricity (% of population),EG.ELC.ACCS.ZS,99
Vietnam,VNM,2010,Access to electricity (% of population),EG.ELC.ACCS.ZS,97.43
Vietnam,VNM,2009,Access to electricity (% of population),EG.ELC.ACCS.ZS,96.1
Vietnam,VNM,2008,Access to electricity (% of population),EG.ELC.ACCS.ZS,93.8383331298828
Vietnam,VNM,2007,Access to electricity (% of population),EG.ELC.ACCS.ZS,93.0883560180664
Vietnam,VNM,2006,Access to electricity (% of population),EG.ELC.ACCS.ZS,96
Vietnam,VNM,2005,Access to electricity (% of population),EG.ELC.ACCS.ZS,96.1
Vietnam,VNM,2004,Access to electricity (% of population),EG.ELC.ACCS.ZS,90.951042175293
Vietnam,VNM,2003,Access to electricity (% of population),EG.ELC.ACCS.ZS,90.270866394043
Vietnam,VNM,2002,Access to electricity (% of population),EG.ELC.ACCS.ZS,89.1
Vietnam,VNM,2001,Access to electricity (% of population),EG.ELC.ACCS.ZS,88.9198989868164
Vietnam,VNM,2000,Access to electricity (% of population),EG.ELC.ACCS.ZS,88.2350997924805
Vietnam,VNM,1999,Access to electricity (% of population),EG.ELC.ACCS.ZS,86.9944381713867
Vietnam,VNM,1998,Access to electricity (% of population),EG.ELC.ACCS.ZS,86.1759872436523
Vietnam,VNM,1997,Access to electricity (% of population),EG.ELC.ACCS.ZS,78.4
Vietnam,VNM,2020,Renewable energy consumption (% of total final energy consumption),EG.FEC.RNEW.ZS,19.11
Vietnam,VNM,2019,Renewable energy consumption (% of total final energy consumption),EG.FEC.RNEW.ZS,20.65
Vietnam,VNM,2018,Renewable energy consumption (% of total final energy consumption),EG.FEC.RNEW.ZS,24.59
Vietnam,VNM,2017,Renewable energy consumption (% of total final energy consumption),EG.FEC.RNEW.ZS,28.52
Vietnam,VNM,2016,Renewable energy consumption (% of total final energy consumption),EG.FEC.RNEW.ZS,26.97
Vietnam,VNM,2015,Renewable energy consumption (% of total final energy consumption),EG.FEC.RNEW.ZS,26.54
Vietnam,VNM,2014,Renewable energy consumption (% of total final energy consumption),EG.FEC.RNEW.ZS,36.69
Vietnam,VNM,2013,Renewable energy consumption (% of total final energy consumption),EG.FEC.RNEW.ZS,37.37
Vietnam,VNM,2012,Renewable energy consumption (% of total final energy consumption),EG.FEC.RNEW.ZS,37.91
Vietnam,VNM,2011,Renewable energy consumption (% of total final energy consumption),EG.FEC.RNEW.ZS,36.33
Vietnam,VNM,2010,Renewable energy consumption (% of total final energy consumption),EG.FEC.RNEW.ZS,34.58
Vietnam,VNM,2009,Renewable energy consumption (% of total final energy consumption),EG.FEC.RNEW.ZS,36.97
Vietnam,VNM,2008,Renewable energy consumption (% of total final energy consumption),EG.FEC.RNEW.ZS,39.26
Vietnam,VNM,2007,Renewable energy consumption (% of total final energy consumption),EG.FEC.RNEW.ZS,41.9
Vietnam,VNM,2006,Renewable energy consumption (% of total final energy consumption),EG.FEC.RNEW.ZS,44.25
Vietnam,VNM,2005,Renewable energy consumption (% of total final energy consumption),EG.FEC.RNEW.ZS,44.15
Vietnam,VNM,2004,Renewable energy consumption (% of total final energy consumption),EG.FEC.RNEW.ZS,45.77
Vietnam,VNM,2003,Renewable energy consumption (% of total final energy consumption),EG.FEC.RNEW.ZS,50.83
Vietnam,VNM,2002,Renewable energy consumption (% of total final energy consumption),EG.FEC.RNEW.ZS,52.2
Vietnam,VNM,2001,Renewable energy consumption (% of total final energy consumption),EG.FEC.RNEW.ZS,56.14
Vietnam,VNM,2000,Renewable energy consumption (% of total final energy consumption),EG.FEC.RNEW.ZS,57.73
Vietnam,VNM,1999,Renewable energy consumption (% of total final energy consumption),EG.FEC.RNEW.ZS,59.32
Vietnam,VNM,1998,Renewable energy consumption (% of total final energy consumption),EG.FEC.RNEW.ZS,59.23
Vietnam,VNM,1997,Renewable energy consumption (% of total final energy consumption),EG.FEC.RNEW.ZS,60.53
Vietnam,VNM,1996,Renewable energy consumption (% of total final energy consumption),EG.FEC.RNEW.ZS,62.61
Vietnam,VNM,1995,Renewable energy consumption (% of total final energy consumption),EG.FEC.RNEW.ZS,64.88
Vietnam,VNM,1994,Renewable energy consumption (% of total final energy consumption),EG.FEC.RNEW.ZS,67.77
Vietnam,VNM,1993,Renewable energy consumption (% of total final energy consumption),EG.FEC.RNEW.ZS,70.62
Vietnam,VNM,1992,Renewable energy consumption (% of total final energy consumption),EG.FEC.RNEW.ZS,74.52
Vietnam,VNM,1991,Renewable energy consumption (% of total final energy consumption),EG.FEC.RNEW.ZS,75.46
Vietnam,VNM,1990,Renewable energy consumption (% of total final energy consumption),EG.FEC.RNEW.ZS,75.91
Vietnam,VNM,2016,CO2 emissions from gaseous fuel consumption (% of total),EN.ATM.CO2E.GF.ZS,9.10566534149283
Vietnam,VNM,2015,CO2 emissions from gaseous fuel consumption (% of total),EN.ATM.CO2E.GF.ZS,9.78976816443595
Vietnam,VNM,2014,CO2 emissions from gaseous fuel consumption (% of total),EN.ATM.CO2E.GF.ZS,11.6366771476032
Vietnam,VNM,2013,CO2 emissions from gaseous fuel consumption (% of total),EN.ATM.CO2E.GF.ZS,12.1946904901386
Vietnam,VNM,2012,CO2 emissions from gaseous fuel consumption (% of total),EN.ATM.CO2E.GF.ZS,12.2034134582739
Vietnam,VNM,2011,CO2 emissions from gaseous fuel consumption (% of total),EN.ATM.CO2E.GF.ZS,10.9330834787277
Vietnam,VNM,2010,CO2 emissions from gaseous fuel consumption (% of total),EN.ATM.CO2E.GF.ZS,12.0875548715203
Vietnam,VNM,2009,CO2 emissions from gaseous fuel consumption (% of total),EN.ATM.CO2E.GF.ZS,11.6813938657759
Vietnam,VNM,2008,CO2 emissions from gaseous fuel consumption (% of total),EN.ATM.CO2E.GF.ZS,11.8284288386329
Vietnam,VNM,2007,CO2 emissions from gaseous fuel consumption (% of total),EN.ATM.CO2E.GF.ZS,11.8521560068324
Vietnam,VNM,2006,CO2 emissions from gaseous fuel consumption (% of total),EN.ATM.CO2E.GF.ZS,11.7178571428571
Vietnam,VNM,2005,CO2 emissions from gaseous fuel consumption (% of total),EN.ATM.CO2E.GF.ZS,10.2153281182095
Vietnam,VNM,2004,CO2 emissions from gaseous fuel consumption (% of total),EN.ATM.CO2E.GF.ZS,10.3810052095667
Vietnam,VNM,2003,CO2 emissions from gaseous fuel consumption (% of total),EN.ATM.CO2E.GF.ZS,7.39541158103889
Vietnam,VNM,2002,CO2 emissions from gaseous fuel consumption (% of total),EN.ATM.CO2E.GF.ZS,6.19096710923355
Vietnam,VNM,2001,CO2 emissions from gaseous fuel consumption (% of total),EN.ATM.CO2E.GF.ZS,4.59030758226037
Vietnam,VNM,2000,CO2 emissions from gaseous fuel consumption (% of total),EN.ATM.CO2E.GF.ZS,6.09344464321209
Vietnam,VNM,1999,CO2 emissions from gaseous fuel consumption (% of total),EN.ATM.CO2E.GF.ZS,4.78163161390303
Vietnam,VNM,1998,CO2 emissions from gaseous fuel consumption (% of total),EN.ATM.CO2E.GF.ZS,4.23335413416537
Vietnam,VNM,1997,CO2 emissions from gaseous fuel consumption (% of total),EN.ATM.CO2E.GF.ZS,2.84114848031888
Vietnam,VNM,1996,CO2 emissions from gaseous fuel consumption (% of total),EN.ATM.CO2E.GF.ZS,1.83510974539069
Vietnam,VNM,1995,CO2 emissions from gaseous fuel consumption (% of total),EN.ATM.CO2E.GF.ZS,1.4029419525066
Vietnam,VNM,1994,CO2 emissions from gaseous fuel consumption (% of total),EN.ATM.CO2E.GF.ZS,0
Vietnam,VNM,1993,CO2 emissions from gaseous fuel consumption (% of total),EN.ATM.CO2E.GF.ZS,0
Vietnam,VNM,1992,CO2 emissions from gaseous fuel consumption (% of total),EN.ATM.CO2E.GF.ZS,0
Vietnam,VNM,1991,CO2 emissions from gaseous fuel consumption (% of total),EN.ATM.CO2E.GF.ZS,0.0200273074822501
Vietnam,VNM,1990,CO2 emissions from gaseous fuel consumption (% of total),EN.ATM.CO2E.GF.ZS,0.0398370450841934
Vietnam,VNM,1989,CO2 emissions from gaseous fuel consumption (% of total),EN.ATM.CO2E.GF.ZS,0.0837696335078534
Vietnam,VNM,1988,CO2 emissions from gaseous fuel consumption (% of total),EN.ATM.CO2E.GF.ZS,0.237266687757039
Vietnam,VNM,1987,CO2 emissions from gaseous fuel consumption (% of total),EN.ATM.CO2E.GF.ZS,0.296526404970347
Vietnam,VNM,1986,CO2 emissions from gaseous fuel consumption (% of total),EN.ATM.CO2E.GF.ZS,0.333492139113864
Vietnam,VNM,1985,CO2 emissions from gaseous fuel consumption (% of total),EN.ATM.CO2E.GF.ZS,0.346500346500347
Vietnam,VNM,1984,CO2 emissions from gaseous fuel consumption (% of total),EN.ATM.CO2E.GF.ZS,0.668616798997075
Vietnam,VNM,1983,CO2 emissions from gaseous fuel consumption (% of total),EN.ATM.CO2E.GF.ZS,0.702353834472285
Vietnam,VNM,1982,CO2 emissions from gaseous fuel consumption (% of total),EN.ATM.CO2E.GF.ZS,0.219429483343307
Vietnam,VNM,1981,CO2 emissions from gaseous fuel consumption (% of total),EN.ATM.CO2E.GF.ZS,0.103434009102193
Vietnam,VNM,1980,CO2 emissions from gaseous fuel consumption (% of total),EN.ATM.CO2E.GF.ZS,0
Vietnam,VNM,1979,CO2 emissions from gaseous fuel consumption (% of total),EN.ATM.CO2E.GF.ZS,0
Vietnam,VNM,1978,CO2 emissions from gaseous fuel consumption (% of total),EN.ATM.CO2E.GF.ZS,0
Vietnam,VNM,1977,CO2 emissions from gaseous fuel consumption (% of total),EN.ATM.CO2E.GF.ZS,0
Vietnam,VNM,1976,CO2 emissions from gaseous fuel consumption (% of total),EN.ATM.CO2E.GF.ZS,0
Vietnam,VNM,1975,CO2 emissions from gaseous fuel consumption (% of total),EN.ATM.CO2E.GF.ZS,0
Vietnam,VNM,1974,CO2 emissions from gaseous fuel consumption (% of total),EN.ATM.CO2E.GF.ZS,0
Vietnam,VNM,1973,CO2 emissions from gaseous fuel consumption (% of total),EN.ATM.CO2E.GF.ZS,0
Vietnam,VNM,1972,CO2 emissions from gaseous fuel consumption (% of total),EN.ATM.CO2E.GF.ZS,0
Vietnam,VNM,1971,CO2 emissions from gaseous fuel consumption (% of total),EN.ATM.CO2E.GF.ZS,0
Vietnam,VNM,1970,CO2 emissions from gaseous fuel consumption (% of total),EN.ATM.CO2E.GF.ZS,0
Vietnam,VNM,1969,CO2 emissions from gaseous fuel consumption (% of total),EN.ATM.CO2E.GF.ZS,0
Vietnam,VNM,1968,CO2 emissions from gaseous fuel consumption (% of total),EN.ATM.CO2E.GF.ZS,0
Vietnam,VNM,1967,CO2 emissions from gaseous fuel consumption (% of total),EN.ATM.CO2E.GF.ZS,0
Vietnam,VNM,1966,CO2 emissions from gaseous fuel consumption (% of total),EN.ATM.CO2E.GF.ZS,0
Vietnam,VNM,1965,CO2 emissions from gaseous fuel consumption (% of total),EN.ATM.CO2E.GF.ZS,0
Vietnam,VNM,1964,CO2 emissions from gaseous fuel consumption (% of total),EN.ATM.CO2E.GF.ZS,0
Vietnam,VNM,1963,CO2 emissions from gaseous fuel consumption (% of total),EN.ATM.CO2E.GF.ZS,0
Vietnam,VNM,1962,CO2 emissions from gaseous fuel consumption (% of total),EN.ATM.CO2E.GF.ZS,0
Vietnam,VNM,1961,CO2 emissions from gaseous fuel consumption (% of total),EN.ATM.CO2E.GF.ZS,0
Vietnam,VNM,1960,CO2 emissions from gaseous fuel consumption (% of total),EN.ATM.CO2E.GF.ZS,0
Vietnam,VNM,2016,CO2 emissions from liquid fuel consumption (kt),EN.ATM.CO2E.LF.KT,52559.111
Vietnam,VNM,2015,CO2 emissions from liquid fuel consumption (kt),EN.ATM.CO2E.LF.KT,50963.966
Vietnam,VNM,2014,CO2 emissions from liquid fuel consumption (kt),EN.ATM.CO2E.LF.KT,46735.915
Vietnam,VNM,2013,CO2 emissions from liquid fuel consumption (kt),EN.ATM.CO2E.LF.KT,43490.62
Vietnam,VNM,2012,CO2 emissions from liquid fuel consumption (kt),EN.ATM.CO2E.LF.KT,44246.022
Vietnam,VNM,2011,CO2 emissions from liquid fuel consumption (kt),EN.ATM.CO2E.LF.KT,47216.292
Vietnam,VNM,2010,CO2 emissions from liquid fuel consumption (kt),EN.ATM.CO2E.LF.KT,49343.152
Vietnam,VNM,2009,CO2 emissions from liquid fuel consumption (kt),EN.ATM.CO2E.LF.KT,43376.943
Vietnam,VNM,2008,CO2 emissions from liquid fuel consumption (kt),EN.ATM.CO2E.LF.KT,40454.344
Vietnam,VNM,2007,CO2 emissions from liquid fuel consumption (kt),EN.ATM.CO2E.LF.KT,37388.732
Vietnam,VNM,2006,CO2 emissions from liquid fuel consumption (kt),EN.ATM.CO2E.LF.KT,32438.282
Vietnam,VNM,2005,CO2 emissions from liquid fuel consumption (kt),EN.ATM.CO2E.LF.KT,33886.747
Vietnam,VNM,2004,CO2 emissions from liquid fuel consumption (kt),EN.ATM.CO2E.LF.KT,33919.75
Vietnam,VNM,2003,CO2 emissions from liquid fuel consumption (kt),EN.ATM.CO2E.LF.KT,29526.684
Vietnam,VNM,2002,CO2 emissions from liquid fuel consumption (kt),EN.ATM.CO2E.LF.KT,28661.272
Vietnam,VNM,2001,CO2 emissions from liquid fuel consumption (kt),EN.ATM.CO2E.LF.KT,25584.659
Vietnam,VNM,2000,CO2 emissions from liquid fuel consumption (kt),EN.ATM.CO2E.LF.KT,23212.11
Vietnam,VNM,1999,CO2 emissions from liquid fuel consumption (kt),EN.ATM.CO2E.LF.KT,20252.841
Vietnam,VNM,1998,CO2 emissions from liquid fuel consumption (kt),EN.ATM.CO2E.LF.KT,19061.066
Vietnam,VNM,1997,CO2 emissions from liquid fuel consumption (kt),EN.ATM.CO2E.LF.KT,18412.007
Vietnam,VNM,1996,CO2 emissions from liquid fuel consumption (kt),EN.ATM.CO2E.LF.KT,15995.454
Vietnam,VNM,1995,CO2 emissions from liquid fuel consumption (kt),EN.ATM.CO2E.LF.KT,13197.533
Vietnam,VNM,1994,CO2 emissions from liquid fuel consumption (kt),EN.ATM.CO2E.LF.KT,13212.201
Vietnam,VNM,1993,CO2 emissions from liquid fuel consumption (kt),EN.ATM.CO2E.LF.KT,12119.435
Vietnam,VNM,1992,CO2 emissions from liquid fuel consumption (kt),EN.ATM.CO2E.LF.KT,8723.793
Vietnam,VNM,1991,CO2 emissions from liquid fuel consumption (kt),EN.ATM.CO2E.LF.KT,8045.398
Vietnam,VNM,1990,CO2 emissions from liquid fuel consumption (kt),EN.ATM.CO2E.LF.KT,9123.496
Vietnam,VNM,1989,CO2 emissions from liquid fuel consumption (kt),EN.ATM.CO2E.LF.KT,7385.338
Vietnam,VNM,1988,CO2 emissions from liquid fuel consumption (kt),EN.ATM.CO2E.LF.KT,7964.724
Vietnam,VNM,1987,CO2 emissions from liquid fuel consumption (kt),EN.ATM.CO2E.LF.KT,6406.249
Vietnam,VNM,1986,CO2 emissions from liquid fuel consumption (kt),EN.ATM.CO2E.LF.KT,5724.187
Vietnam,VNM,1985,CO2 emissions from liquid fuel consumption (kt),EN.ATM.CO2E.LF.KT,5595.842
Vietnam,VNM,1984,CO2 emissions from liquid fuel consumption (kt),EN.ATM.CO2E.LF.KT,5203.473
Vietnam,VNM,1983,CO2 emissions from liquid fuel consumption (kt),EN.ATM.CO2E.LF.KT,4818.438
Vietnam,VNM,1982,CO2 emissions from liquid fuel consumption (kt),EN.ATM.CO2E.LF.KT,4404.067
Vietnam,VNM,1981,CO2 emissions from liquid fuel consumption (kt),EN.ATM.CO2E.LF.KT,4158.378
Vietnam,VNM,1980,CO2 emissions from liquid fuel consumption (kt),EN.ATM.CO2E.LF.KT,3755.008
Vietnam,VNM,1979,CO2 emissions from liquid fuel consumption (kt),EN.ATM.CO2E.LF.KT,3292.966
Vietnam,VNM,1978,CO2 emissions from liquid fuel consumption (kt),EN.ATM.CO2E.LF.KT,2863.927
Vietnam,VNM,1977,CO2 emissions from liquid fuel consumption (kt),EN.ATM.CO2E.LF.KT,2277.207
Vietnam,VNM,1976,CO2 emissions from liquid fuel consumption (kt),EN.ATM.CO2E.LF.KT,2152.529
Vietnam,VNM,1975,CO2 emissions from liquid fuel consumption (kt),EN.ATM.CO2E.LF.KT,9266.509
Vietnam,VNM,1974,CO2 emissions from liquid fuel consumption (kt),EN.ATM.CO2E.LF.KT,9948.571
Vietnam,VNM,1973,CO2 emissions from liquid fuel consumption (kt),EN.ATM.CO2E.LF.KT,17359.578
Vietnam,VNM,1972,CO2 emissions from liquid fuel consumption (kt),EN.ATM.CO2E.LF.KT,17704.276
Vietnam,VNM,1971,CO2 emissions from liquid fuel consumption (kt),EN.ATM.CO2E.LF.KT,17377.913
Vietnam,VNM,1970,CO2 emissions from liquid fuel consumption (kt),EN.ATM.CO2E.LF.KT,20513.198
Vietnam,VNM,1969,CO2 emissions from liquid fuel consumption (kt),EN.ATM.CO2E.LF.KT,1026.76
Vietnam,VNM,1968,CO2 emissions from liquid fuel consumption (kt),EN.ATM.CO2E.LF.KT,982.756
Vietnam,VNM,1967,CO2 emissions from liquid fuel consumption (kt),EN.ATM.CO2E.LF.KT,678.395
Vietnam,VNM,1966,CO2 emissions from liquid fuel consumption (kt),EN.ATM.CO2E.LF.KT,432.706
Vietnam,VNM,1965,CO2 emissions from liquid fuel consumption (kt),EN.ATM.CO2E.LF.KT,421.705
Vietnam,VNM,1964,CO2 emissions from liquid fuel consumption (kt),EN.ATM.CO2E.LF.KT,396.036
Vietnam,VNM,1963,CO2 emissions from liquid fuel consumption (kt),EN.ATM.CO2E.LF.KT,396.036
Vietnam,VNM,1962,CO2 emissions from liquid fuel consumption (kt),EN.ATM.CO2E.LF.KT,414.371
Vietnam,VNM,1961,CO2 emissions from liquid fuel consumption (kt),EN.ATM.CO2E.LF.KT,377.701
Vietnam,VNM,1960,CO2 emissions from liquid fuel consumption (kt),EN.ATM.CO2E.LF.KT,352.032
Vietnam,VNM,2020,Methane emissions in energy sector (thousand metric tons of CO2 equivalent),EN.ATM.METH.EG.KT.CE,13241.4
Vietnam,VNM,2019,Methane emissions in energy sector (thousand metric tons of CO2 equivalent),EN.ATM.METH.EG.KT.CE,14023
Vietnam,VNM,2018,Methane emissions in energy sector (thousand metric tons of CO2 equivalent),EN.ATM.METH.EG.KT.CE,13775.7
Vietnam,VNM,2017,Methane emissions in energy sector (thousand metric tons of CO2 equivalent),EN.ATM.METH.EG.KT.CE,13746.3
Vietnam,VNM,2016,Methane emissions in energy sector (thousand metric tons of CO2 equivalent),EN.ATM.METH.EG.KT.CE,14343.9
Vietnam,VNM,2015,Methane emissions in energy sector (thousand metric tons of CO2 equivalent),EN.ATM.METH.EG.KT.CE,15594.7
Vietnam,VNM,2014,Methane emissions in energy sector (thousand metric tons of CO2 equivalent),EN.ATM.METH.EG.KT.CE,17187.2
Vietnam,VNM,2013,Methane emissions in energy sector (thousand metric tons of CO2 equivalent),EN.ATM.METH.EG.KT.CE,17300.1
Vietnam,VNM,2012,Methane emissions in energy sector (thousand metric tons of CO2 equivalent),EN.ATM.METH.EG.KT.CE,17246.1
Vietnam,VNM,2011,Methane emissions in energy sector (thousand metric tons of CO2 equivalent),EN.ATM.METH.EG.KT.CE,17166.9
Vietnam,VNM,2010,Methane emissions in energy sector (thousand metric tons of CO2 equivalent),EN.ATM.METH.EG.KT.CE,16784.3
Vietnam,VNM,2009,Methane emissions in energy sector (thousand metric tons of CO2 equivalent),EN.ATM.METH.EG.KT.CE,16740.1
Vietnam,VNM,2008,Methane emissions in energy sector (thousand metric tons of CO2 equivalent),EN.ATM.METH.EG.KT.CE,15512.8
Vietnam,VNM,2007,Methane emissions in energy sector (thousand metric tons of CO2 equivalent),EN.ATM.METH.EG.KT.CE,15886.5
Vietnam,VNM,2006,Methane emissions in energy sector (thousand metric tons of CO2 equivalent),EN.ATM.METH.EG.KT.CE,15616.2
Vietnam,VNM,2005,Methane emissions in energy sector (thousand metric tons of CO2 equivalent),EN.ATM.METH.EG.KT.CE,15114.9
Vietnam,VNM,2004,Methane emissions in energy sector (thousand metric tons of CO2 equivalent),EN.ATM.METH.EG.KT.CE,13998.7
Vietnam,VNM,2003,Methane emissions in energy sector (thousand metric tons of CO2 equivalent),EN.ATM.METH.EG.KT.CE,11609
Vietnam,VNM,2002,Methane emissions in energy sector (thousand metric tons of CO2 equivalent),EN.ATM.METH.EG.KT.CE,10954.4
Vietnam,VNM,2001,Methane emissions in energy sector (thousand metric tons of CO2 equivalent),EN.ATM.METH.EG.KT.CE,10546.3
Vietnam,VNM,2000,Methane emissions in energy sector (thousand metric tons of CO2 equivalent),EN.ATM.METH.EG.KT.CE,9925.7
Vietnam,VNM,1999,Methane emissions in energy sector (thousand metric tons of CO2 equivalent),EN.ATM.METH.EG.KT.CE,9554.6
Vietnam,VNM,1998,Methane emissions in energy sector (thousand metric tons of CO2 equivalent),EN.ATM.METH.EG.KT.CE,8805.7
Vietnam,VNM,1997,Methane emissions in energy sector (thousand metric tons of CO2 equivalent),EN.ATM.METH.EG.KT.CE,7891.9
Vietnam,VNM,1996,Methane emissions in energy sector (thousand metric tons of CO2 equivalent),EN.ATM.METH.EG.KT.CE,7439.2
Vietnam,VNM,1995,Methane emissions in energy sector (thousand metric tons of CO2 equivalent),EN.ATM.METH.EG.KT.CE,6974.1
Vietnam,VNM,1994,Methane emissions in energy sector (thousand metric tons of CO2 equivalent),EN.ATM.METH.EG.KT.CE,6191.6
Vietnam,VNM,1993,Methane emissions in energy sector (thousand metric tons of CO2 equivalent),EN.ATM.METH.EG.KT.CE,6432.8
Vietnam,VNM,1992,Methane emissions in energy sector (thousand metric tons of CO2 equivalent),EN.ATM.METH.EG.KT.CE,5988.7
Vietnam,VNM,1991,Methane emissions in energy sector (thousand metric tons of CO2 equivalent),EN.ATM.METH.EG.KT.CE,5523.4
Vietnam,VNM,1990,Methane emissions in energy sector (thousand metric tons of CO2 equivalent),EN.ATM.METH.EG.KT.CE,4726.2
Vietnam,VNM,2008,Energy related methane emissions (% of total),EN.ATM.METH.EG.ZS,22.1439844603618
Vietnam,VNM,2007,Energy related methane emissions (% of total),EN.ATM.METH.EG.ZS,21.2969878018422
Vietnam,VNM,2006,Energy related methane emissions (% of total),EN.ATM.METH.EG.ZS,20.3670660209024
Vietnam,VNM,2005,Energy related methane emissions (% of total),EN.ATM.METH.EG.ZS,19.6610618297365
Vietnam,VNM,2004,Energy related methane emissions (% of total),EN.ATM.METH.EG.ZS,18.8542521192234
Vietnam,VNM,2003,Energy related methane emissions (% of total),EN.ATM.METH.EG.ZS,18.0914512922465
Vietnam,VNM,2002,Energy related methane emissions (% of total),EN.ATM.METH.EG.ZS,17.1911764705882
Vietnam,VNM,2001,Energy related methane emissions (% of total),EN.ATM.METH.EG.ZS,16.1845310596833
Vietnam,VNM,2000,Energy related methane emissions (% of total),EN.ATM.METH.EG.ZS,14.793082149475
Vietnam,VNM,1999,Energy related methane emissions (% of total),EN.ATM.METH.EG.ZS,14.3152866242038
Vietnam,VNM,1998,Energy related methane emissions (% of total),EN.ATM.METH.EG.ZS,14.132078642245
Vietnam,VNM,1997,Energy related methane emissions (% of total),EN.ATM.METH.EG.ZS,13.8456090651558
Vietnam,VNM,1996,Energy related methane emissions (% of total),EN.ATM.METH.EG.ZS,13.344407530454
Vietnam,VNM,1995,Energy related methane emissions (% of total),EN.ATM.METH.EG.ZS,12.9933567799922
Vietnam,VNM,1994,Energy related methane emissions (% of total),EN.ATM.METH.EG.ZS,12.4948368442792
Vietnam,VNM,1993,Energy related methane emissions (% of total),EN.ATM.METH.EG.ZS,11.9924258363139
Vietnam,VNM,1992,Energy related methane emissions (% of total),EN.ATM.METH.EG.ZS,11.5260090654004
Vietnam,VNM,1991,Energy related methane emissions (% of total),EN.ATM.METH.EG.ZS,11.1210361768647
Vietnam,VNM,1990,Energy related methane emissions (% of total),EN.ATM.METH.EG.ZS,10.7200740912248
Vietnam,VNM,1989,Energy related methane emissions (% of total),EN.ATM.METH.EG.ZS,11.03679980809
Vietnam,VNM,1988,Energy related methane emissions (% of total),EN.ATM.METH.EG.ZS,10.7249725432073
Vietnam,VNM,1987,Energy related methane emissions (% of total),EN.ATM.METH.EG.ZS,10.6752663084022
Vietnam,VNM,1986,Energy related methane emissions (% of total),EN.ATM.METH.EG.ZS,10.5263348704857
Vietnam,VNM,1985,Energy related methane emissions (% of total),EN.ATM.METH.EG.ZS,10.2148988983498
Vietnam,VNM,1984,Energy related methane emissions (% of total),EN.ATM.METH.EG.ZS,9.9667701432401
Vietnam,VNM,1983,Energy related methane emissions (% of total),EN.ATM.METH.EG.ZS,10.4677550778039
Vietnam,VNM,1982,Energy related methane emissions (% of total),EN.ATM.METH.EG.ZS,10.4827253637974
Vietnam,VNM,1981,Energy related methane emissions (% of total),EN.ATM.METH.EG.ZS,10.2089971507144
Vietnam,VNM,1980,Energy related methane emissions (% of total),EN.ATM.METH.EG.ZS,9.65645092857521
Vietnam,VNM,1979,Energy related methane emissions (% of total),EN.ATM.METH.EG.ZS,10.308548087268
Vietnam,VNM,1978,Energy related methane emissions (% of total),EN.ATM.METH.EG.ZS,10.2052751937426
Vietnam,VNM,1977,Energy related methane emissions (% of total),EN.ATM.METH.EG.ZS,10.2534636491992
Vietnam,VNM,1976,Energy related methane emissions (% of total),EN.ATM.METH.EG.ZS,10.2089621542245
Vietnam,VNM,1975,Energy related methane emissions (% of total),EN.ATM.METH.EG.ZS,10.4653333747346
Vietnam,VNM,1974,Energy related methane emissions (% of total),EN.ATM.METH.EG.ZS,9.14109584049329
Vietnam,VNM,1973,Energy related methane emissions (% of total),EN.ATM.METH.EG.ZS,8.4716073320328
Vietnam,VNM,1972,Energy related methane emissions (% of total),EN.ATM.METH.EG.ZS,7.87796134394361
Vietnam,VNM,1971,Energy related methane emissions (% of total),EN.ATM.METH.EG.ZS,8.53711998593981
Vietnam,VNM,1970,Energy related methane emissions (% of total),EN.ATM.METH.EG.ZS,8.28987975128886
Vietnam,VNM,2020,Nitrous oxide emissions in energy sector (thousand metric tons of CO2 equivalent),EN.ATM.NOXE.EG.KT.CE,2081.68
Vietnam,VNM,2019,Nitrous oxide emissions in energy sector (thousand metric tons of CO2 equivalent),EN.ATM.NOXE.EG.KT.CE,2205.68
Vietnam,VNM,2018,Nitrous oxide emissions in energy sector (thousand metric tons of CO2 equivalent),EN.ATM.NOXE.EG.KT.CE,1987.68
Vietnam,VNM,2017,Nitrous oxide emissions in energy sector (thousand metric tons of CO2 equivalent),EN.ATM.NOXE.EG.KT.CE,1730.38
Vietnam,VNM,2016,Nitrous oxide emissions in energy sector (thousand metric tons of CO2 equivalent),EN.ATM.NOXE.EG.KT.CE,1670.68
Vietnam,VNM,2015,Nitrous oxide emissions in energy sector (thousand metric tons of CO2 equivalent),EN.ATM.NOXE.EG.KT.CE,1528.58
Vietnam,VNM,2014,Nitrous oxide emissions in energy sector (thousand metric tons of CO2 equivalent),EN.ATM.NOXE.EG.KT.CE,1701.38
Vietnam,VNM,2013,Nitrous oxide emissions in energy sector (thousand metric tons of CO2 equivalent),EN.ATM.NOXE.EG.KT.CE,1630.58
Vietnam,VNM,2012,Nitrous oxide emissions in energy sector (thousand metric tons of CO2 equivalent),EN.ATM.NOXE.EG.KT.CE,1602.68
Vietnam,VNM,2011,Nitrous oxide emissions in energy sector (thousand metric tons of CO2 equivalent),EN.ATM.NOXE.EG.KT.CE,1602.28
Vietnam,VNM,2010,Nitrous oxide emissions in energy sector (thousand metric tons of CO2 equivalent),EN.ATM.NOXE.EG.KT.CE,1587.48
Vietnam,VNM,2009,Nitrous oxide emissions in energy sector (thousand metric tons of CO2 equivalent),EN.ATM.NOXE.EG.KT.CE,1499.4
Vietnam,VNM,2008,Nitrous oxide emissions in energy sector (thousand metric tons of CO2 equivalent),EN.ATM.NOXE.EG.KT.CE,1392.2
Vietnam,VNM,2007,Nitrous oxide emissions in energy sector (thousand metric tons of CO2 equivalent),EN.ATM.NOXE.EG.KT.CE,1324.5
Vietnam,VNM,2006,Nitrous oxide emissions in energy sector (thousand metric tons of CO2 equivalent),EN.ATM.NOXE.EG.KT.CE,1248.2
Vietnam,VNM,2005,Nitrous oxide emissions in energy sector (thousand metric tons of CO2 equivalent),EN.ATM.NOXE.EG.KT.CE,1237
Vietnam,VNM,2004,Nitrous oxide emissions in energy sector (thousand metric tons of CO2 equivalent),EN.ATM.NOXE.EG.KT.CE,1214.3
Vietnam,VNM,2003,Nitrous oxide emissions in energy sector (thousand metric tons of CO2 equivalent),EN.ATM.NOXE.EG.KT.CE,1123.8
Vietnam,VNM,2002,Nitrous oxide emissions in energy sector (thousand metric tons of CO2 equivalent),EN.ATM.NOXE.EG.KT.CE,1067.2
Vietnam,VNM,2001,Nitrous oxide emissions in energy sector (thousand metric tons of CO2 equivalent),EN.ATM.NOXE.EG.KT.CE,1003.1
Vietnam,VNM,2000,Nitrous oxide emissions in energy sector (thousand metric tons of CO2 equivalent),EN.ATM.NOXE.EG.KT.CE,962.3
Vietnam,VNM,1999,Nitrous oxide emissions in energy sector (thousand metric tons of CO2 equivalent),EN.ATM.NOXE.EG.KT.CE,928.6
Vietnam,VNM,1998,Nitrous oxide emissions in energy sector (thousand metric tons of CO2 equivalent),EN.ATM.NOXE.EG.KT.CE,906
Vietnam,VNM,1997,Nitrous oxide emissions in energy sector (thousand metric tons of CO2 equivalent),EN.ATM.NOXE.EG.KT.CE,869.6
Vietnam,VNM,1996,Nitrous oxide emissions in energy sector (thousand metric tons of CO2 equivalent),EN.ATM.NOXE.EG.KT.CE,819.9
Vietnam,VNM,1995,Nitrous oxide emissions in energy sector (thousand metric tons of CO2 equivalent),EN.ATM.NOXE.EG.KT.CE,799.4
Vietnam,VNM,1994,Nitrous oxide emissions in energy sector (thousand metric tons of CO2 equivalent),EN.ATM.NOXE.EG.KT.CE,792.1
Vietnam,VNM,1993,Nitrous oxide emissions in energy sector (thousand metric tons of CO2 equivalent),EN.ATM.NOXE.EG.KT.CE,811.5
Vietnam,VNM,1992,Nitrous oxide emissions in energy sector (thousand metric tons of CO2 equivalent),EN.ATM.NOXE.EG.KT.CE,732.1
Vietnam,VNM,1991,Nitrous oxide emissions in energy sector (thousand metric tons of CO2 equivalent),EN.ATM.NOXE.EG.KT.CE,711.3
Vietnam,VNM,1990,Nitrous oxide emissions in energy sector (thousand metric tons of CO2 equivalent),EN.ATM.NOXE.EG.KT.CE,707.4
Vietnam,VNM,2008,Nitrous oxide emissions in energy sector (% of total),EN.ATM.NOXE.EG.ZS,3.7883008356546
Vietnam,VNM,2007,Nitrous oxide emissions in energy sector (% of total),EN.ATM.NOXE.EG.ZS,3.25717063684978
Vietnam,VNM,2006,Nitrous oxide emissions in energy sector (% of total),EN.ATM.NOXE.EG.ZS,3.49869451697128
Vietnam,VNM,2005,Nitrous oxide emissions in energy sector (% of total),EN.ATM.NOXE.EG.ZS,3.45717234262126
Vietnam,VNM,2004,Nitrous oxide emissions in energy sector (% of total),EN.ATM.NOXE.EG.ZS,3.37301587301587
Vietnam,VNM,2003,Nitrous oxide emissions in energy sector (% of total),EN.ATM.NOXE.EG.ZS,3.56037151702786
Vietnam,VNM,2002,Nitrous oxide emissions in energy sector (% of total),EN.ATM.NOXE.EG.ZS,3.90753990093561
Vietnam,VNM,2001,Nitrous oxide emissions in energy sector (% of total),EN.ATM.NOXE.EG.ZS,4.16666666666667
Vietnam,VNM,2000,Nitrous oxide emissions in energy sector (% of total),EN.ATM.NOXE.EG.ZS,3.86857445680975
Vietnam,VNM,1999,Nitrous oxide emissions in energy sector (% of total),EN.ATM.NOXE.EG.ZS,4.21519689406545
Vietnam,VNM,1998,Nitrous oxide emissions in energy sector (% of total),EN.ATM.NOXE.EG.ZS,4.43433769187038
Vietnam,VNM,1997,Nitrous oxide emissions in energy sector (% of total),EN.ATM.NOXE.EG.ZS,5.14612452350699
Vietnam,VNM,1996,Nitrous oxide emissions in energy sector (% of total),EN.ATM.NOXE.EG.ZS,5.16169154228856
Vietnam,VNM,1995,Nitrous oxide emissions in energy sector (% of total),EN.ATM.NOXE.EG.ZS,5.83446404341927
Vietnam,VNM,1994,Nitrous oxide emissions in energy sector (% of total),EN.ATM.NOXE.EG.ZS,5.89417280643001
Vietnam,VNM,1993,Nitrous oxide emissions in energy sector (% of total),EN.ATM.NOXE.EG.ZS,6.5251572327044
Vietnam,VNM,1992,Nitrous oxide emissions in energy sector (% of total),EN.ATM.NOXE.EG.ZS,6.39344262295082
Vietnam,VNM,1991,Nitrous oxide emissions in energy sector (% of total),EN.ATM.NOXE.EG.ZS,5.95432300163132
Vietnam,VNM,1990,Nitrous oxide emissions in energy sector (% of total),EN.ATM.NOXE.EG.ZS,6.23281393217232
Vietnam,VNM,1989,Nitrous oxide emissions in energy sector (% of total),EN.ATM.NOXE.EG.ZS,7.53304519399228
Vietnam,VNM,1988,Nitrous oxide emissions in energy sector (% of total),EN.ATM.NOXE.EG.ZS,7.38616878094317
Vietnam,VNM,1987,Nitrous oxide emissions in energy sector (% of total),EN.ATM.NOXE.EG.ZS,7.44080416404749
Vietnam,VNM,1986,Nitrous oxide emissions in energy sector (% of total),EN.ATM.NOXE.EG.ZS,7.5214934657838
Vietnam,VNM,1985,Nitrous oxide emissions in energy sector (% of total),EN.ATM.NOXE.EG.ZS,7.97089008661194
Vietnam,VNM,1984,Nitrous oxide emissions in energy sector (% of total),EN.ATM.NOXE.EG.ZS,8.40068384934829
Vietnam,VNM,1983,Nitrous oxide emissions in energy sector (% of total),EN.ATM.NOXE.EG.ZS,7.75434312980652
Vietnam,VNM,1982,Nitrous oxide emissions in energy sector (% of total),EN.ATM.NOXE.EG.ZS,9.21913328607535
Vietnam,VNM,1981,Nitrous oxide emissions in energy sector (% of total),EN.ATM.NOXE.EG.ZS,9.63180099710015
Vietnam,VNM,1980,Nitrous oxide emissions in energy sector (% of total),EN.ATM.NOXE.EG.ZS,9.79262076811522
Vietnam,VNM,1979,Nitrous oxide emissions in energy sector (% of total),EN.ATM.NOXE.EG.ZS,9.66350983342866
Vietnam,VNM,1978,Nitrous oxide emissions in energy sector (% of total),EN.ATM.NOXE.EG.ZS,8.49420789120874
Vietnam,VNM,1977,Nitrous oxide emissions in energy sector (% of total),EN.ATM.NOXE.EG.ZS,8.21874748021082
Vietnam,VNM,1976,Nitrous oxide emissions in energy sector (% of total),EN.ATM.NOXE.EG.ZS,9.10357391587842
Vietnam,VNM,1975,Nitrous oxide emissions in energy sector (% of total),EN.ATM.NOXE.EG.ZS,9.5976050186427
Vietnam,VNM,1974,Nitrous oxide emissions in energy sector (% of total),EN.ATM.NOXE.EG.ZS,9.71339759221953
Vietnam,VNM,1973,Nitrous oxide emissions in energy sector (% of total),EN.ATM.NOXE.EG.ZS,8.89925040547211
Vietnam,VNM,1972,Nitrous oxide emissions in energy sector (% of total),EN.ATM.NOXE.EG.ZS,9.59981456054096
Vietnam,VNM,1971,Nitrous oxide emissions in energy sector (% of total),EN.ATM.NOXE.EG.ZS,9.90857043093969
Vietnam,VNM,1970,Nitrous oxide emissions in energy sector (% of total),EN.ATM.NOXE.EG.ZS,8.40423579621232
Vietnam,VNM,2016,Pump price for diesel fuel (US$ per liter),EP.PMP.DESL.CD,0.59
Vietnam,VNM,2014,Pump price for diesel fuel (US$ per liter),EP.PMP.DESL.CD,0.91
Vietnam,VNM,2012,Pump price for diesel fuel (US$ per liter),EP.PMP.DESL.CD,1.06
Vietnam,VNM,2010,Pump price for diesel fuel (US$ per liter),EP.PMP.DESL.CD,0.77
Vietnam,VNM,2008,Pump price for diesel fuel (US$ per liter),EP.PMP.DESL.CD,0.77
Vietnam,VNM,2006,Pump price for diesel fuel (US$ per liter),EP.PMP.DESL.CD,0.53
Vietnam,VNM,2004,Pump price for diesel fuel (US$ per liter),EP.PMP.DESL.CD,0.32
Vietnam,VNM,2002,Pump price for diesel fuel (US$ per liter),EP.PMP.DESL.CD,0.27
Vietnam,VNM,2000,Pump price for diesel fuel (US$ per liter),EP.PMP.DESL.CD,0.27
Vietnam,VNM,1998,Pump price for diesel fuel (US$ per liter),EP.PMP.DESL.CD,0.26
Vietnam,VNM,1995,Pump price for diesel fuel (US$ per liter),EP.PMP.DESL.CD,0.25
Vietnam,VNM,2016,Pump price for gasoline (US$ per liter),EP.PMP.SGAS.CD,0.8
Vietnam,VNM,2014,Pump price for gasoline (US$ per liter),EP.PMP.SGAS.CD,1.04
Vietnam,VNM,2012,Pump price for gasoline (US$ per liter),EP.PMP.SGAS.CD,1.15
Vietnam,VNM,2010,Pump price for gasoline (US$ per liter),EP.PMP.SGAS.CD,0.88
Vietnam,VNM,2008,Pump price for gasoline (US$ per liter),EP.PMP.SGAS.CD,0.8
Vietnam,VNM,2006,Pump price for gasoline (US$ per liter),EP.PMP.SGAS.CD,0.67
Vietnam,VNM,2004,Pump price for gasoline (US$ per liter),EP.PMP.SGAS.CD,0.48
Vietnam,VNM,2002,Pump price for gasoline (US$ per liter),EP.PMP.SGAS.CD,0.34
Vietnam,VNM,2000,Pump price for gasoline (US$ per liter),EP.PMP.SGAS.CD,0.38
Vietnam,VNM,1998,Pump price for gasoline (US$ per liter),EP.PMP.SGAS.CD,0.35
Vietnam,VNM,1995,Pump price for gasoline (US$ per liter),EP.PMP.SGAS.CD,0.34
Vietnam,VNM,2015,Time to obtain an electrical connection (days),IC.ELC.DURS,18.5
Vietnam,VNM,2009,Time to obtain an electrical connection (days),IC.ELC.DURS,29.6
Vietnam,VNM,2019,Time required to get electricity (days),IC.ELC.TIME,31
Vietnam,VNM,2018,Time required to get electricity (days),IC.ELC.TIME,31
Vietnam,VNM,2017,Time required to get electricity (days),IC.ELC.TIME,46
Vietnam,VNM,2016,Time required to get electricity (days),IC.ELC.TIME,46
Vietnam,VNM,2015,Time required to get electricity (days),IC.ELC.TIME,49
Vietnam,VNM,2014,Time required to get electricity (days),IC.ELC.TIME,115
Vietnam,VNM,2013,Time required to get electricity (days),IC.ELC.TIME,115
Vietnam,VNM,2012,Time required to get electricity (days),IC.ELC.TIME,115
Vietnam,VNM,2011,Time required to get electricity (days),IC.ELC.TIME,115
Vietnam,VNM,2010,Time required to get electricity (days),IC.ELC.TIME,115
Vietnam,VNM,2009,Time required to get electricity (days),IC.ELC.TIME,115
Vietnam,VNM,2015,Firms using banks to finance investment (% of firms),IC.FRM.BNKS.ZS,29.3
Vietnam,VNM,2009,Firms using banks to finance investment (% of firms),IC.FRM.BNKS.ZS,21.5
Vietnam,VNM,2015,Value lost due to electrical outages (% of sales for affected firms),IC.FRM.OUTG.ZS,2.2
Vietnam,VNM,2009,Value lost due to electrical outages (% of sales for affected firms),IC.FRM.OUTG.ZS,3.6
Vietnam,VNM,2022,Investment in energy with private participation (current US$),IE.PPI.ENGY.CD,2487160000
Vietnam,VNM,2021,Investment in energy with private participation (current US$),IE.PPI.ENGY.CD,5528400000
Vietnam,VNM,2020,Investment in energy with private participation (current US$),IE.PPI.ENGY.CD,2686910000
Vietnam,VNM,2019,Investment in energy with private participation (current US$),IE.PPI.ENGY.CD,3180480000
Vietnam,VNM,2018,Investment in energy with private participation (current US$),IE.PPI.ENGY.CD,3645700000
Vietnam,VNM,2017,Investment in energy with private participation (current US$),IE.PPI.ENGY.CD,2400000000
Vietnam,VNM,2016,Investment in energy with private participation (current US$),IE.PPI.ENGY.CD,200000000
Vietnam,VNM,2014,Investment in energy with private participation (current US$),IE.PPI.ENGY.CD,1790000000
Vietnam,VNM,2012,Investment in energy with private participation (current US$),IE.PPI.ENGY.CD,317500000
Vietnam,VNM,2011,Investment in energy with private participation (current US$),IE.PPI.ENGY.CD,2771770000
Vietnam,VNM,2010,Investment in energy with private participation (current US$),IE.PPI.ENGY.CD,943050000
Vietnam,VNM,2009,Investment in energy with private participation (current US$),IE.PPI.ENGY.CD,349300000
Vietnam,VNM,2008,Investment in energy with private participation (current US$),IE.PPI.ENGY.CD,170300000
Vietnam,VNM,2007,Investment in energy with private participation (current US$),IE.PPI.ENGY.CD,367360000
Vietnam,VNM,2005,Investment in energy with private participation (current US$),IE.PPI.ENGY.CD,93200000
Vietnam,VNM,2003,Investment in energy with private participation (current US$),IE.PPI.ENGY.CD,412000000
Vietnam,VNM,2002,Investment in energy with private participation (current US$),IE.PPI.ENGY.CD,1780000000
Vietnam,VNM,2001,Investment in energy with private participation (current US$),IE.PPI.ENGY.CD,87000000
Vietnam,VNM,1999,Investment in energy with private participation (current US$),IE.PPI.ENGY.CD,39500000
Vietnam,VNM,1997,Investment in energy with private participation (current US$),IE.PPI.ENGY.CD,110000000
Vietnam,VNM,1996,Investment in energy with private participation (current US$),IE.PPI.ENGY.CD,205000000
Vietnam,VNM,2020,Adjusted savings: mineral depletion (current US$),NY.ADJ.DMIN.CD,26692879.0279511
Vietnam,VNM,2019,Adjusted savings: mineral depletion (current US$),NY.ADJ.DMIN.CD,30952822.5223727
Vietnam,VNM,2018,Adjusted savings: mineral depletion (current US$),NY.ADJ.DMIN.CD,168581136.28554
Vietnam,VNM,2017,Adjusted savings: mineral depletion (current US$),NY.ADJ.DMIN.CD,208484422.487899
Vietnam,VNM,2016,Adjusted savings: mineral depletion (current US$),NY.ADJ.DMIN.CD,168439180.529243
Vietnam,VNM,2015,Adjusted savings: mineral depletion (current US$),NY.ADJ.DMIN.CD,165246245.842962
Vietnam,VNM,2014,Adjusted savings: mineral depletion (current US$),NY.ADJ.DMIN.CD,218644461.894338
Vietnam,VNM,2013,Adjusted savings: mineral depletion (current US$),NY.ADJ.DMIN.CD,321276093.176788
Vietnam,VNM,2012,Adjusted savings: mineral depletion (current US$),NY.ADJ.DMIN.CD,408462247.329035
Vietnam,VNM,2011,Adjusted savings: mineral depletion (current US$),NY.ADJ.DMIN.CD,471163759.65075
Vietnam,VNM,2010,Adjusted savings: mineral depletion (current US$),NY.ADJ.DMIN.CD,278987539.885725
Vietnam,VNM,2009,Adjusted savings: mineral depletion (current US$),NY.ADJ.DMIN.CD,377092775.349255
Vietnam,VNM,2008,Adjusted savings: mineral depletion (current US$),NY.ADJ.DMIN.CD,489271992.323624
Vietnam,VNM,2007,Adjusted savings: mineral depletion (current US$),NY.ADJ.DMIN.CD,184628382.723504
Vietnam,VNM,2006,Adjusted savings: mineral depletion (current US$),NY.ADJ.DMIN.CD,111840533.264802
Vietnam,VNM,2005,Adjusted savings: mineral depletion (current US$),NY.ADJ.DMIN.CD,23691930.3020931
Vietnam,VNM,2004,Adjusted savings: mineral depletion (current US$),NY.ADJ.DMIN.CD,10438686.1604735
Vietnam,VNM,2003,Adjusted savings: mineral depletion (current US$),NY.ADJ.DMIN.CD,7531440.72551024
Vietnam,VNM,2002,Adjusted savings: mineral depletion (current US$),NY.ADJ.DMIN.CD,8017243.90972658
Vietnam,VNM,2001,Adjusted savings: mineral depletion (current US$),NY.ADJ.DMIN.CD,4868819.02861861
Vietnam,VNM,2000,Adjusted savings: mineral depletion (current US$),NY.ADJ.DMIN.CD,4639131.7385348
Vietnam,VNM,1999,Adjusted savings: mineral depletion (current US$),NY.ADJ.DMIN.CD,3009344.23695063
Vietnam,VNM,1998,Adjusted savings: mineral depletion (current US$),NY.ADJ.DMIN.CD,2952444.96896532
Vietnam,VNM,1997,Adjusted savings: mineral depletion (current US$),NY.ADJ.DMIN.CD,4354421.31187413
Vietnam,VNM,1996,Adjusted savings: mineral depletion (current US$),NY.ADJ.DMIN.CD,1217530.47949995
Vietnam,VNM,1995,Adjusted savings: mineral depletion (current US$),NY.ADJ.DMIN.CD,1380846.73544797
Vietnam,VNM,1994,Adjusted savings: mineral depletion (current US$),NY.ADJ.DMIN.CD,1266712.4765478
Vietnam,VNM,1993,Adjusted savings: mineral depletion (current US$),NY.ADJ.DMIN.CD,808823.66310565
Vietnam,VNM,1992,Adjusted savings: mineral depletion (current US$),NY.ADJ.DMIN.CD,3017834.62610287
Vietnam,VNM,1991,Adjusted savings: mineral depletion (current US$),NY.ADJ.DMIN.CD,2068214.39405234
Vietnam,VNM,1990,Adjusted savings: mineral depletion (current US$),NY.ADJ.DMIN.CD,4825345.07112623
Vietnam,VNM,1989,Adjusted savings: mineral depletion (current US$),NY.ADJ.DMIN.CD,5850915.48120122
Vietnam,VNM,1988,Adjusted savings: mineral depletion (current US$),NY.ADJ.DMIN.CD,3315673.57900564
Vietnam,VNM,1987,Adjusted savings: mineral depletion (current US$),NY.ADJ.DMIN.CD,909303.101384489
Vietnam,VNM,1986,Adjusted savings: mineral depletion (current US$),NY.ADJ.DMIN.CD,979802.906382875
Vietnam,VNM,1985,Adjusted savings: mineral depletion (current US$),NY.ADJ.DMIN.CD,3064133.29445862
Vietnam,VNM,1984,Adjusted savings: mineral depletion (current US$),NY.ADJ.DMIN.CD,3943792.94487885
Vietnam,VNM,1983,Adjusted savings: mineral depletion (current US$),NY.ADJ.DMIN.CD,3660572.82991862
Vietnam,VNM,1982,Adjusted savings: mineral depletion (current US$),NY.ADJ.DMIN.CD,5248739.30126543
Vietnam,VNM,1981,Adjusted savings: mineral depletion (current US$),NY.ADJ.DMIN.CD,7891998.37600451
Vietnam,VNM,1980,Adjusted savings: mineral depletion (current US$),NY.ADJ.DMIN.CD,4732545.96869571
Vietnam,VNM,1979,Adjusted savings: mineral depletion (current US$),NY.ADJ.DMIN.CD,4054574.30757554
Vietnam,VNM,1978,Adjusted savings: mineral depletion (current US$),NY.ADJ.DMIN.CD,2410272.29447884
Vietnam,VNM,1977,Adjusted savings: mineral depletion (current US$),NY.ADJ.DMIN.CD,46510463.0997668
Vietnam,VNM,1976,Adjusted savings: mineral depletion (current US$),NY.ADJ.DMIN.CD,16375424.6868254
Vietnam,VNM,1975,Adjusted savings: mineral depletion (current US$),NY.ADJ.DMIN.CD,52787872.9445989
Vietnam,VNM,1974,Adjusted savings: mineral depletion (current US$),NY.ADJ.DMIN.CD,36289699.5490942
Vietnam,VNM,1973,Adjusted savings: mineral depletion (current US$),NY.ADJ.DMIN.CD,1781928.12398108
Vietnam,VNM,1972,Adjusted savings: mineral depletion (current US$),NY.ADJ.DMIN.CD,0
Vietnam,VNM,1971,Adjusted savings: mineral depletion (current US$),NY.ADJ.DMIN.CD,0
Vietnam,VNM,1970,Adjusted savings: mineral depletion (current US$),NY.ADJ.DMIN.CD,0
Vietnam,VNM,2020,Adjusted savings: mineral depletion (% of GNI),NY.ADJ.DMIN.GN.ZS,0.0104269058702934
Vietnam,VNM,2019,Adjusted savings: mineral depletion (% of GNI),NY.ADJ.DMIN.GN.ZS,0.0126338051111725
Vietnam,VNM,2018,Adjusted savings: mineral depletion (% of GNI),NY.ADJ.DMIN.GN.ZS,0.0736162167185765
Vietnam,VNM,2017,Adjusted savings: mineral depletion (% of GNI),NY.ADJ.DMIN.GN.ZS,0.100717112312995
Vietnam,VNM,2016,Adjusted savings: mineral depletion (% of GNI),NY.ADJ.DMIN.GN.ZS,0.0881880526331117
Vietnam,VNM,2015,Adjusted savings: mineral depletion (% of GNI),NY.ADJ.DMIN.GN.ZS,0.0912962684215258
Vietnam,VNM,2014,Adjusted savings: mineral depletion (% of GNI),NY.ADJ.DMIN.GN.ZS,0.123527944573072
Vietnam,VNM,2013,Adjusted savings: mineral depletion (% of GNI),NY.ADJ.DMIN.GN.ZS,0.195900056815114
Vietnam,VNM,2012,Adjusted savings: mineral depletion (% of GNI),NY.ADJ.DMIN.GN.ZS,0.272308164886023
Vietnam,VNM,2011,Adjusted savings: mineral depletion (% of GNI),NY.ADJ.DMIN.GN.ZS,0.362433661269808
Vietnam,VNM,2010,Adjusted savings: mineral depletion (% of GNI),NY.ADJ.DMIN.GN.ZS,0.249096017755111
Vietnam,VNM,2009,Adjusted savings: mineral depletion (% of GNI),NY.ADJ.DMIN.GN.ZS,0.373359183514114
Vietnam,VNM,2008,Adjusted savings: mineral depletion (% of GNI),NY.ADJ.DMIN.GN.ZS,0.508700093679128
Vietnam,VNM,2007,Adjusted savings: mineral depletion (% of GNI),NY.ADJ.DMIN.GN.ZS,0.245374522186252
Vietnam,VNM,2006,Adjusted savings: mineral depletion (% of GNI),NY.ADJ.DMIN.GN.ZS,0.172206675218609
Vietnam,VNM,2005,Adjusted savings: mineral depletion (% of GNI),NY.ADJ.DMIN.GN.ZS,0.0418768542371555
Vietnam,VNM,2004,Adjusted savings: mineral depletion (% of GNI),NY.ADJ.DMIN.GN.ZS,0.023417316888883
Vietnam,VNM,2003,Adjusted savings: mineral depletion (% of GNI),NY.ADJ.DMIN.GN.ZS,0.019349317412432
Vietnam,VNM,2002,Adjusted savings: mineral depletion (% of GNI),NY.ADJ.DMIN.GN.ZS,0.0232422130322702
Vietnam,VNM,2001,Adjusted savings: mineral depletion (% of GNI),NY.ADJ.DMIN.GN.ZS,0.015098118758205
Vietnam,VNM,2000,Adjusted savings: mineral depletion (% of GNI),NY.ADJ.DMIN.GN.ZS,0.0150984197147884
Vietnam,VNM,1999,Adjusted savings: mineral depletion (% of GNI),NY.ADJ.DMIN.GN.ZS,0.0106851635160286
Vietnam,VNM,1998,Adjusted savings: mineral depletion (% of GNI),NY.ADJ.DMIN.GN.ZS,0.0111023364532903
Vietnam,VNM,1997,Adjusted savings: mineral depletion (% of GNI),NY.ADJ.DMIN.GN.ZS,0.0164854211414803
Vietnam,VNM,1996,Adjusted savings: mineral depletion (% of GNI),NY.ADJ.DMIN.GN.ZS,0.00498139329701618
Vietnam,VNM,1995,Adjusted savings: mineral depletion (% of GNI),NY.ADJ.DMIN.GN.ZS,0.00666538403226515
Vietnam,VNM,1994,Adjusted savings: mineral depletion (% of GNI),NY.ADJ.DMIN.GN.ZS,0.0079796035524962
Vietnam,VNM,1993,Adjusted savings: mineral depletion (% of GNI),NY.ADJ.DMIN.GN.ZS,0.00637941506454178
Vietnam,VNM,1992,Adjusted savings: mineral depletion (% of GNI),NY.ADJ.DMIN.GN.ZS,0.0316666707119911
Vietnam,VNM,1991,Adjusted savings: mineral depletion (% of GNI),NY.ADJ.DMIN.GN.ZS,0.0227247269432575
Vietnam,VNM,1990,Adjusted savings: mineral depletion (% of GNI),NY.ADJ.DMIN.GN.ZS,0.079629737459261
Vietnam,VNM,1989,Adjusted savings: mineral depletion (% of GNI),NY.ADJ.DMIN.GN.ZS,0.0924210739796125
Vietnam,VNM,2020,Adjusted savings: energy depletion (current US$),NY.ADJ.DNGY.CD,1117563874.66457
Vietnam,VNM,2019,Adjusted savings: energy depletion (current US$),NY.ADJ.DNGY.CD,1896388589.19596
Vietnam,VNM,2018,Adjusted savings: energy depletion (current US$),NY.ADJ.DNGY.CD,2588570540.33962
Vietnam,VNM,2017,Adjusted savings: energy depletion (current US$),NY.ADJ.DNGY.CD,1852323175.75515
Vietnam,VNM,2016,Adjusted savings: energy depletion (current US$),NY.ADJ.DNGY.CD,1572206180.79562
Vietnam,VNM,2015,Adjusted savings: energy depletion (current US$),NY.ADJ.DNGY.CD,2191335550.4921
Vietnam,VNM,2014,Adjusted savings: energy depletion (current US$),NY.ADJ.DNGY.CD,4025292477.39109
Vietnam,VNM,2013,Adjusted savings: energy depletion (current US$),NY.ADJ.DNGY.CD,4313653272.93937
Vietnam,VNM,2012,Adjusted savings: energy depletion (current US$),NY.ADJ.DNGY.CD,5082567134.08897
Vietnam,VNM,2011,Adjusted savings: energy depletion (current US$),NY.ADJ.DNGY.CD,4660070045.73095
Vietnam,VNM,2010,Adjusted savings: energy depletion (current US$),NY.ADJ.DNGY.CD,3379261984.56383
Vietnam,VNM,2009,Adjusted savings: energy depletion (current US$),NY.ADJ.DNGY.CD,2355118922.20411
Vietnam,VNM,2008,Adjusted savings: energy depletion (current US$),NY.ADJ.DNGY.CD,4735762788.74952
Vietnam,VNM,2007,Adjusted savings: energy depletion (current US$),NY.ADJ.DNGY.CD,3707013666.45334
Vietnam,VNM,2006,Adjusted savings: energy depletion (current US$),NY.ADJ.DNGY.CD,4280264800.07466
Vietnam,VNM,2005,Adjusted savings: energy depletion (current US$),NY.ADJ.DNGY.CD,3972146275.15612
Vietnam,VNM,2004,Adjusted savings: energy depletion (current US$),NY.ADJ.DNGY.CD,2911817279.19528
Vietnam,VNM,2003,Adjusted savings: energy depletion (current US$),NY.ADJ.DNGY.CD,1554394363.43015
Vietnam,VNM,2002,Adjusted savings: energy depletion (current US$),NY.ADJ.DNGY.CD,1340716113.82186
Vietnam,VNM,2001,Adjusted savings: energy depletion (current US$),NY.ADJ.DNGY.CD,1464450802.68963
Vietnam,VNM,2000,Adjusted savings: energy depletion (current US$),NY.ADJ.DNGY.CD,1689552763.42132
Vietnam,VNM,1999,Adjusted savings: energy depletion (current US$),NY.ADJ.DNGY.CD,749413381.545284
Vietnam,VNM,1998,Adjusted savings: energy depletion (current US$),NY.ADJ.DNGY.CD,369163999.51833
Vietnam,VNM,1997,Adjusted savings: energy depletion (current US$),NY.ADJ.DNGY.CD,625383755.623305
Vietnam,VNM,1996,Adjusted savings: energy depletion (current US$),NY.ADJ.DNGY.CD,708486211.111896
Vietnam,VNM,1995,Adjusted savings: energy depletion (current US$),NY.ADJ.DNGY.CD,592171692.433428
Vietnam,VNM,1994,Adjusted savings: energy depletion (current US$),NY.ADJ.DNGY.CD,482167794.49118
Vietnam,VNM,1993,Adjusted savings: energy depletion (current US$),NY.ADJ.DNGY.CD,419497992.457792
Vietnam,VNM,1992,Adjusted savings: energy depletion (current US$),NY.ADJ.DNGY.CD,407733700.249352
Vietnam,VNM,1991,Adjusted savings: energy depletion (current US$),NY.ADJ.DNGY.CD,273292111.794717
Vietnam,VNM,1990,Adjusted savings: energy depletion (current US$),NY.ADJ.DNGY.CD,317643283.618236
Vietnam,VNM,1989,Adjusted savings: energy depletion (current US$),NY.ADJ.DNGY.CD,137170457.940852
Vietnam,VNM,1988,Adjusted savings: energy depletion (current US$),NY.ADJ.DNGY.CD,46415173.0151546
Vietnam,VNM,1987,Adjusted savings: energy depletion (current US$),NY.ADJ.DNGY.CD,21946822.8553257
Vietnam,VNM,1986,Adjusted savings: energy depletion (current US$),NY.ADJ.DNGY.CD,11338012.8559865
Vietnam,VNM,1985,Adjusted savings: energy depletion (current US$),NY.ADJ.DNGY.CD,20125929.4975578
Vietnam,VNM,1984,Adjusted savings: energy depletion (current US$),NY.ADJ.DNGY.CD,14356209.9089778
Vietnam,VNM,1983,Adjusted savings: energy depletion (current US$),NY.ADJ.DNGY.CD,26774500.747089
Vietnam,VNM,1982,Adjusted savings: energy depletion (current US$),NY.ADJ.DNGY.CD,53967028.1037985
Vietnam,VNM,1981,Adjusted savings: energy depletion (current US$),NY.ADJ.DNGY.CD,48513007.5954826
Vietnam,VNM,1980,Adjusted savings: energy depletion (current US$),NY.ADJ.DNGY.CD,22932038.2235362
Vietnam,VNM,1979,Adjusted savings: energy depletion (current US$),NY.ADJ.DNGY.CD,13629938.62626
Vietnam,VNM,1978,Adjusted savings: energy depletion (current US$),NY.ADJ.DNGY.CD,15554696.0828439
Vietnam,VNM,1977,Adjusted savings: energy depletion (current US$),NY.ADJ.DNGY.CD,20063802.2888008
Vietnam,VNM,1976,Adjusted savings: energy depletion (current US$),NY.ADJ.DNGY.CD,17746404.5456945
Vietnam,VNM,1975,Adjusted savings: energy depletion (current US$),NY.ADJ.DNGY.CD,16292631.3089151
Vietnam,VNM,1974,Adjusted savings: energy depletion (current US$),NY.ADJ.DNGY.CD,3389476.05838548
Vietnam,VNM,1973,Adjusted savings: energy depletion (current US$),NY.ADJ.DNGY.CD,156755.587814453
Vietnam,VNM,1972,Adjusted savings: energy depletion (current US$),NY.ADJ.DNGY.CD,61467.1644445111
Vietnam,VNM,1971,Adjusted savings: energy depletion (current US$),NY.ADJ.DNGY.CD,78669.7085924426
Vietnam,VNM,2020,Adjusted savings: energy depletion (% of GNI),NY.ADJ.DNGY.GN.ZS,0.436548388540848
Vietnam,VNM,2019,Adjusted savings: energy depletion (% of GNI),NY.ADJ.DNGY.GN.ZS,0.774036158855494
Vietnam,VNM,2018,Adjusted savings: energy depletion (% of GNI),NY.ADJ.DNGY.GN.ZS,1.13038014861992
Vietnam,VNM,2017,Adjusted savings: energy depletion (% of GNI),NY.ADJ.DNGY.GN.ZS,0.894842113891379
Vietnam,VNM,2016,Adjusted savings: energy depletion (% of GNI),NY.ADJ.DNGY.GN.ZS,0.823144597275192
Vietnam,VNM,2015,Adjusted savings: energy depletion (% of GNI),NY.ADJ.DNGY.GN.ZS,1.21068262458127
Vietnam,VNM,2014,Adjusted savings: energy depletion (% of GNI),NY.ADJ.DNGY.GN.ZS,2.27417654089892
Vietnam,VNM,2013,Adjusted savings: energy depletion (% of GNI),NY.ADJ.DNGY.GN.ZS,2.63027638593864
Vietnam,VNM,2012,Adjusted savings: energy depletion (% of GNI),NY.ADJ.DNGY.GN.ZS,3.38837808939264
Vietnam,VNM,2011,Adjusted savings: energy depletion (% of GNI),NY.ADJ.DNGY.GN.ZS,3.58466926594688
Vietnam,VNM,2010,Adjusted savings: energy depletion (% of GNI),NY.ADJ.DNGY.GN.ZS,3.01719820050342
Vietnam,VNM,2009,Adjusted savings: energy depletion (% of GNI),NY.ADJ.DNGY.GN.ZS,2.33180091307338
Vietnam,VNM,2008,Adjusted savings: energy depletion (% of GNI),NY.ADJ.DNGY.GN.ZS,4.92381131983034
Vietnam,VNM,2007,Adjusted savings: energy depletion (% of GNI),NY.ADJ.DNGY.GN.ZS,4.92668945980046
Vietnam,VNM,2006,Adjusted savings: energy depletion (% of GNI),NY.ADJ.DNGY.GN.ZS,6.5905459206897
Vietnam,VNM,2005,Adjusted savings: energy depletion (% of GNI),NY.ADJ.DNGY.GN.ZS,7.02099780188352
Vietnam,VNM,2004,Adjusted savings: energy depletion (% of GNI),NY.ADJ.DNGY.GN.ZS,6.53213890150596
Vietnam,VNM,2003,Adjusted savings: energy depletion (% of GNI),NY.ADJ.DNGY.GN.ZS,3.99345503978159
Vietnam,VNM,2002,Adjusted savings: energy depletion (% of GNI),NY.ADJ.DNGY.GN.ZS,3.88677329567585
Vietnam,VNM,2001,Adjusted savings: energy depletion (% of GNI),NY.ADJ.DNGY.GN.ZS,4.54123515468387
Vietnam,VNM,2000,Adjusted savings: energy depletion (% of GNI),NY.ADJ.DNGY.GN.ZS,5.49878257185957
Vietnam,VNM,1999,Adjusted savings: energy depletion (% of GNI),NY.ADJ.DNGY.GN.ZS,2.66091343907716
Vietnam,VNM,1998,Adjusted savings: energy depletion (% of GNI),NY.ADJ.DNGY.GN.ZS,1.38819960140735
Vietnam,VNM,1997,Adjusted savings: energy depletion (% of GNI),NY.ADJ.DNGY.GN.ZS,2.36764287331983
Vietnam,VNM,1996,Adjusted savings: energy depletion (% of GNI),NY.ADJ.DNGY.GN.ZS,2.89869413742372
Vietnam,VNM,1995,Adjusted savings: energy depletion (% of GNI),NY.ADJ.DNGY.GN.ZS,2.85842855820253
Vietnam,VNM,1994,Adjusted savings: energy depletion (% of GNI),NY.ADJ.DNGY.GN.ZS,3.03739634451755
Vietnam,VNM,1993,Adjusted savings: energy depletion (% of GNI),NY.ADJ.DNGY.GN.ZS,3.30869623961621
Vietnam,VNM,1992,Adjusted savings: energy depletion (% of GNI),NY.ADJ.DNGY.GN.ZS,4.27842159152753
Vietnam,VNM,1991,Adjusted savings: energy depletion (% of GNI),NY.ADJ.DNGY.GN.ZS,3.00282631923506
Vietnam,VNM,1990,Adjusted savings: energy depletion (% of GNI),NY.ADJ.DNGY.GN.ZS,5.24187408514479
Vietnam,VNM,1989,Adjusted savings: energy depletion (% of GNI),NY.ADJ.DNGY.GN.ZS,2.16674485931321
Vietnam,VNM,2020,Adjusted savings: natural resources depletion (% of GNI),NY.ADJ.DRES.GN.ZS,0.446975294411141
Vietnam,VNM,2019,Adjusted savings: natural resources depletion (% of GNI),NY.ADJ.DRES.GN.ZS,0.786669963966667
Vietnam,VNM,2018,Adjusted savings: natural resources depletion (% of GNI),NY.ADJ.DRES.GN.ZS,1.2039963653385
Vietnam,VNM,2017,Adjusted savings: natural resources depletion (% of GNI),NY.ADJ.DRES.GN.ZS,0.995559226204374
Vietnam,VNM,2016,Adjusted savings: natural resources depletion (% of GNI),NY.ADJ.DRES.GN.ZS,0.911332649908304
Vietnam,VNM,2015,Adjusted savings: natural resources depletion (% of GNI),NY.ADJ.DRES.GN.ZS,1.3019788930028
Vietnam,VNM,2014,Adjusted savings: natural resources depletion (% of GNI),NY.ADJ.DRES.GN.ZS,2.39770448547199
Vietnam,VNM,2013,Adjusted savings: natural resources depletion (% of GNI),NY.ADJ.DRES.GN.ZS,2.82617644275375
Vietnam,VNM,2012,Adjusted savings: natural resources depletion (% of GNI),NY.ADJ.DRES.GN.ZS,3.66068625427866
Vietnam,VNM,2011,Adjusted savings: natural resources depletion (% of GNI),NY.ADJ.DRES.GN.ZS,3.94710292721669
Vietnam,VNM,2010,Adjusted savings: natural resources depletion (% of GNI),NY.ADJ.DRES.GN.ZS,3.26629421825853
Vietnam,VNM,2009,Adjusted savings: natural resources depletion (% of GNI),NY.ADJ.DRES.GN.ZS,2.70516009658749
Vietnam,VNM,2008,Adjusted savings: natural resources depletion (% of GNI),NY.ADJ.DRES.GN.ZS,5.43251141350947
Vietnam,VNM,2007,Adjusted savings: natural resources depletion (% of GNI),NY.ADJ.DRES.GN.ZS,5.17206398198671
Vietnam,VNM,2006,Adjusted savings: natural resources depletion (% of GNI),NY.ADJ.DRES.GN.ZS,6.76275259590831
Vietnam,VNM,2005,Adjusted savings: natural resources depletion (% of GNI),NY.ADJ.DRES.GN.ZS,7.06287465612068
Vietnam,VNM,2004,Adjusted savings: natural resources depletion (% of GNI),NY.ADJ.DRES.GN.ZS,6.55555621839484
Vietnam,VNM,2003,Adjusted savings: natural resources depletion (% of GNI),NY.ADJ.DRES.GN.ZS,4.01280435719402
Vietnam,VNM,2002,Adjusted savings: natural resources depletion (% of GNI),NY.ADJ.DRES.GN.ZS,3.91001550870812
Vietnam,VNM,2001,Adjusted savings: natural resources depletion (% of GNI),NY.ADJ.DRES.GN.ZS,4.55633327344207
Vietnam,VNM,2000,Adjusted savings: natural resources depletion (% of GNI),NY.ADJ.DRES.GN.ZS,5.51388099157436
Vietnam,VNM,1999,Adjusted savings: natural resources depletion (% of GNI),NY.ADJ.DRES.GN.ZS,2.67159860259319
Vietnam,VNM,1998,Adjusted savings: natural resources depletion (% of GNI),NY.ADJ.DRES.GN.ZS,1.39930193786064
Vietnam,VNM,1997,Adjusted savings: natural resources depletion (% of GNI),NY.ADJ.DRES.GN.ZS,2.38412829446131
Vietnam,VNM,1996,Adjusted savings: natural resources depletion (% of GNI),NY.ADJ.DRES.GN.ZS,2.90367553072074
Vietnam,VNM,1995,Adjusted savings: natural resources depletion (% of GNI),NY.ADJ.DRES.GN.ZS,2.86509394223479
Vietnam,VNM,1994,Adjusted savings: natural resources depletion (% of GNI),NY.ADJ.DRES.GN.ZS,3.04537594807005
Vietnam,VNM,1993,Adjusted savings: natural resources depletion (% of GNI),NY.ADJ.DRES.GN.ZS,3.31507565468075
Vietnam,VNM,1992,Adjusted savings: natural resources depletion (% of GNI),NY.ADJ.DRES.GN.ZS,4.31008826223952
Vietnam,VNM,1991,Adjusted savings: natural resources depletion (% of GNI),NY.ADJ.DRES.GN.ZS,3.02555104617832
Vietnam,VNM,1990,Adjusted savings: natural resources depletion (% of GNI),NY.ADJ.DRES.GN.ZS,5.32150382260405
Vietnam,VNM,1989,Adjusted savings: natural resources depletion (% of GNI),NY.ADJ.DRES.GN.ZS,2.25916593329282
Vietnam,VNM,2021,Mineral rents (% of GDP),NY.GDP.MINR.RT.ZS,0.102200574210061
Vietnam,VNM,2020,Mineral rents (% of GDP),NY.GDP.MINR.RT.ZS,0.0234989381016957
Vietnam,VNM,2019,Mineral rents (% of GDP),NY.GDP.MINR.RT.ZS,0.0193784133567084
Vietnam,VNM,2018,Mineral rents (% of GDP),NY.GDP.MINR.RT.ZS,0.0904699342057104
Vietnam,VNM,2017,Mineral rents (% of GDP),NY.GDP.MINR.RT.ZS,0.194206258331206
Vietnam,VNM,2016,Mineral rents (% of GDP),NY.GDP.MINR.RT.ZS,0.121608749123366
Vietnam,VNM,2015,Mineral rents (% of GDP),NY.GDP.MINR.RT.ZS,0.116505184144997
Vietnam,VNM,2014,Mineral rents (% of GDP),NY.GDP.MINR.RT.ZS,0.189849847946125
Vietnam,VNM,2013,Mineral rents (% of GDP),NY.GDP.MINR.RT.ZS,0.315103546182036
Vietnam,VNM,2012,Mineral rents (% of GDP),NY.GDP.MINR.RT.ZS,0.332549597455944
Vietnam,VNM,2011,Mineral rents (% of GDP),NY.GDP.MINR.RT.ZS,0.566180943893496
Vietnam,VNM,2010,Mineral rents (% of GDP),NY.GDP.MINR.RT.ZS,0.452415653552499
Vietnam,VNM,2009,Mineral rents (% of GDP),NY.GDP.MINR.RT.ZS,0.547749371787389
Vietnam,VNM,2008,Mineral rents (% of GDP),NY.GDP.MINR.RT.ZS,0.846977530868212
Vietnam,VNM,2007,Mineral rents (% of GDP),NY.GDP.MINR.RT.ZS,0.445829496551402
Vietnam,VNM,2006,Mineral rents (% of GDP),NY.GDP.MINR.RT.ZS,0.299104610914458
Vietnam,VNM,2005,Mineral rents (% of GDP),NY.GDP.MINR.RT.ZS,0.111152512092499
Vietnam,VNM,2004,Mineral rents (% of GDP),NY.GDP.MINR.RT.ZS,0.0495840962607542
Vietnam,VNM,2003,Mineral rents (% of GDP),NY.GDP.MINR.RT.ZS,0.0322716334595364
Vietnam,VNM,2002,Mineral rents (% of GDP),NY.GDP.MINR.RT.ZS,0.0316975958313845
Vietnam,VNM,2001,Mineral rents (% of GDP),NY.GDP.MINR.RT.ZS,0.0300841737970368
Vietnam,VNM,2000,Mineral rents (% of GDP),NY.GDP.MINR.RT.ZS,0.0281474119945084
Vietnam,VNM,1999,Mineral rents (% of GDP),NY.GDP.MINR.RT.ZS,0.0161858100889636
Vietnam,VNM,1998,Mineral rents (% of GDP),NY.GDP.MINR.RT.ZS,0.0159591217496983
Vietnam,VNM,1997,Mineral rents (% of GDP),NY.GDP.MINR.RT.ZS,0.0262867642161712
Vietnam,VNM,1996,Mineral rents (% of GDP),NY.GDP.MINR.RT.ZS,0.00977751286911756
Vietnam,VNM,1995,Mineral rents (% of GDP),NY.GDP.MINR.RT.ZS,0.011043475316308
Vietnam,VNM,1994,Mineral rents (% of GDP),NY.GDP.MINR.RT.ZS,0.0129745979534351
Vietnam,VNM,1993,Mineral rents (% of GDP),NY.GDP.MINR.RT.ZS,0.00997526280174283
Vietnam,VNM,1992,Mineral rents (% of GDP),NY.GDP.MINR.RT.ZS,0.0502599641243046
Vietnam,VNM,1991,Mineral rents (% of GDP),NY.GDP.MINR.RT.ZS,0.0355478164205293
Vietnam,VNM,1990,Mineral rents (% of GDP),NY.GDP.MINR.RT.ZS,0.123924775205076
Vietnam,VNM,1989,Mineral rents (% of GDP),NY.GDP.MINR.RT.ZS,0.154683994697483
Vietnam,VNM,1988,Mineral rents (% of GDP),NY.GDP.MINR.RT.ZS,0.0217151807581149
Vietnam,VNM,1987,Mineral rents (% of GDP),NY.GDP.MINR.RT.ZS,0.00412960656056042
Vietnam,VNM,1986,Mineral rents (% of GDP),NY.GDP.MINR.RT.ZS,0.00619840149405409
Vietnam,VNM,1985,Mineral rents (% of GDP),NY.GDP.MINR.RT.ZS,0.0298618006177822
Vietnam,VNM,2021,Natural gas rents (% of GDP),NY.GDP.NGAS.RT.ZS,0.32730836109362
Vietnam,VNM,2020,Natural gas rents (% of GDP),NY.GDP.NGAS.RT.ZS,0.247961395343541
Vietnam,VNM,2019,Natural gas rents (% of GDP),NY.GDP.NGAS.RT.ZS,0.35996993743116
Vietnam,VNM,2018,Natural gas rents (% of GDP),NY.GDP.NGAS.RT.ZS,0.383369129367597
Vietnam,VNM,2017,Natural gas rents (% of GDP),NY.GDP.NGAS.RT.ZS,0.279611337213359
Vietnam,VNM,2016,Natural gas rents (% of GDP),NY.GDP.NGAS.RT.ZS,0.316021208374894
Vietnam,VNM,2015,Natural gas rents (% of GDP),NY.GDP.NGAS.RT.ZS,0.466993735594374
Vietnam,VNM,2014,Natural gas rents (% of GDP),NY.GDP.NGAS.RT.ZS,0.418562328391343
Vietnam,VNM,2013,Natural gas rents (% of GDP),NY.GDP.NGAS.RT.ZS,0.329556289592129
Vietnam,VNM,2012,Natural gas rents (% of GDP),NY.GDP.NGAS.RT.ZS,0.352929785663553
Vietnam,VNM,2011,Natural gas rents (% of GDP),NY.GDP.NGAS.RT.ZS,0.377816460476658
Vietnam,VNM,2010,Natural gas rents (% of GDP),NY.GDP.NGAS.RT.ZS,0.442109704259686
Vietnam,VNM,2009,Natural gas rents (% of GDP),NY.GDP.NGAS.RT.ZS,0.476843399378323
Vietnam,VNM,2008,Natural gas rents (% of GDP),NY.GDP.NGAS.RT.ZS,0.495591047514565
Vietnam,VNM,2007,Natural gas rents (% of GDP),NY.GDP.NGAS.RT.ZS,0.542522638408329
Vietnam,VNM,2006,Natural gas rents (% of GDP),NY.GDP.NGAS.RT.ZS,0.651803798316593
Vietnam,VNM,2005,Natural gas rents (% of GDP),NY.GDP.NGAS.RT.ZS,0.777553231191598
Vietnam,VNM,2004,Natural gas rents (% of GDP),NY.GDP.NGAS.RT.ZS,0.632871823685399
Vietnam,VNM,2003,Natural gas rents (% of GDP),NY.GDP.NGAS.RT.ZS,0.359617720346491
Vietnam,VNM,2002,Natural gas rents (% of GDP),NY.GDP.NGAS.RT.ZS,0.325384146459247
Vietnam,VNM,2001,Natural gas rents (% of GDP),NY.GDP.NGAS.RT.ZS,0.334655161102383
Vietnam,VNM,2000,Natural gas rents (% of GDP),NY.GDP.NGAS.RT.ZS,0.308186745265021
Vietnam,VNM,1999,Natural gas rents (% of GDP),NY.GDP.NGAS.RT.ZS,0.174791285743312
Vietnam,VNM,1998,Natural gas rents (% of GDP),NY.GDP.NGAS.RT.ZS,0.115708332859875
Vietnam,VNM,1997,Natural gas rents (% of GDP),NY.GDP.NGAS.RT.ZS,0.0957508180463169
Vietnam,VNM,1996,Natural gas rents (% of GDP),NY.GDP.NGAS.RT.ZS,0.0544804664709272
Vietnam,VNM,1995,Natural gas rents (% of GDP),NY.GDP.NGAS.RT.ZS,0.0281114362787644
Vietnam,VNM,1994,Natural gas rents (% of GDP),NY.GDP.NGAS.RT.ZS,0.0591653921620877
Vietnam,VNM,1993,Natural gas rents (% of GDP),NY.GDP.NGAS.RT.ZS,0.0644856479916332
Vietnam,VNM,1992,Natural gas rents (% of GDP),NY.GDP.NGAS.RT.ZS,0.0612690430513439
Vietnam,VNM,1991,Natural gas rents (% of GDP),NY.GDP.NGAS.RT.ZS,0.019978849108465
Vietnam,VNM,1990,Natural gas rents (% of GDP),NY.GDP.NGAS.RT.ZS,0.0196970870910082
Vietnam,VNM,1989,Natural gas rents (% of GDP),NY.GDP.NGAS.RT.ZS,0.012448122153879
Vietnam,VNM,1988,Natural gas rents (% of GDP),NY.GDP.NGAS.RT.ZS,0.00234468071873021
Vietnam,VNM,1987,Natural gas rents (% of GDP),NY.GDP.NGAS.RT.ZS,0.00256583104264377
Vietnam,VNM,1986,Natural gas rents (% of GDP),NY.GDP.NGAS.RT.ZS,0.00407404057323303
Vietnam,VNM,1985,Natural gas rents (% of GDP),NY.GDP.NGAS.RT.ZS,0.0047127406158542
Vietnam,VNM,2021,Oil rents (% of GDP),NY.GDP.PETR.RT.ZS,0.669314214664457
Vietnam,VNM,2020,Oil rents (% of GDP),NY.GDP.PETR.RT.ZS,0.242642397619719
Vietnam,VNM,2019,Oil rents (% of GDP),NY.GDP.PETR.RT.ZS,0.724494952926738
Vietnam,VNM,2018,Oil rents (% of GDP),NY.GDP.PETR.RT.ZS,1.12046207095372
Vietnam,VNM,2017,Oil rents (% of GDP),NY.GDP.PETR.RT.ZS,1.00099064325611
Vietnam,VNM,2016,Oil rents (% of GDP),NY.GDP.PETR.RT.ZS,0.828042589429339
Vietnam,VNM,2015,Oil rents (% of GDP),NY.GDP.PETR.RT.ZS,1.21986218030571
Vietnam,VNM,2014,Oil rents (% of GDP),NY.GDP.PETR.RT.ZS,2.85117967459122
Vietnam,VNM,2013,Oil rents (% of GDP),NY.GDP.PETR.RT.ZS,3.17047517147024
Vietnam,VNM,2012,Oil rents (% of GDP),NY.GDP.PETR.RT.ZS,4.10988392212901
Vietnam,VNM,2011,Oil rents (% of GDP),NY.GDP.PETR.RT.ZS,4.58244433557524
Vietnam,VNM,2010,Oil rents (% of GDP),NY.GDP.PETR.RT.ZS,3.39330269400776
Vietnam,VNM,2009,Oil rents (% of GDP),NY.GDP.PETR.RT.ZS,3.46240247909829
Vietnam,VNM,2008,Oil rents (% of GDP),NY.GDP.PETR.RT.ZS,7.24340907549005
Vietnam,VNM,2007,Oil rents (% of GDP),NY.GDP.PETR.RT.ZS,6.63827611423842
Vietnam,VNM,2006,Oil rents (% of GDP),NY.GDP.PETR.RT.ZS,8.77756808235261
Vietnam,VNM,2005,Oil rents (% of GDP),NY.GDP.PETR.RT.ZS,9.04473557257388
Vietnam,VNM,2004,Oil rents (% of GDP),NY.GDP.PETR.RT.ZS,8.1232104070861
Vietnam,VNM,2003,Oil rents (% of GDP),NY.GDP.PETR.RT.ZS,5.58537873703382
Vietnam,VNM,2002,Oil rents (% of GDP),NY.GDP.PETR.RT.ZS,5.28727447254799
Vietnam,VNM,2001,Oil rents (% of GDP),NY.GDP.PETR.RT.ZS,5.80548900026015
Vietnam,VNM,2000,Oil rents (% of GDP),NY.GDP.PETR.RT.ZS,7.67987081900615
Vietnam,VNM,1999,Oil rents (% of GDP),NY.GDP.PETR.RT.ZS,3.72966002415473
Vietnam,VNM,1998,Oil rents (% of GDP),NY.GDP.PETR.RT.ZS,1.76176859651124
Vietnam,VNM,1997,Oil rents (% of GDP),NY.GDP.PETR.RT.ZS,3.07280393550162
Vietnam,VNM,1996,Oil rents (% of GDP),NY.GDP.PETR.RT.ZS,3.55958705591895
Vietnam,VNM,1995,Oil rents (% of GDP),NY.GDP.PETR.RT.ZS,3.24927853434552
Vietnam,VNM,1994,Oil rents (% of GDP),NY.GDP.PETR.RT.ZS,3.28951699268892
Vietnam,VNM,1993,Oil rents (% of GDP),NY.GDP.PETR.RT.ZS,4.15423191201717
Vietnam,VNM,1992,Oil rents (% of GDP),NY.GDP.PETR.RT.ZS,4.97222381409906
Vietnam,VNM,1991,Oil rents (% of GDP),NY.GDP.PETR.RT.ZS,3.38977567855418
Vietnam,VNM,1990,Oil rents (% of GDP),NY.GDP.PETR.RT.ZS,6.03479538118477
Vietnam,VNM,1989,Oil rents (% of GDP),NY.GDP.PETR.RT.ZS,2.53824146488537
Vietnam,VNM,1988,Oil rents (% of GDP),NY.GDP.PETR.RT.ZS,0.198158553767886
Vietnam,VNM,1987,Oil rents (% of GDP),NY.GDP.PETR.RT.ZS,0.0743460771096449
Vietnam,VNM,1986,Oil rents (% of GDP),NY.GDP.PETR.RT.ZS,0.00994471011710838
Vietnam,VNM,1985,Oil rents (% of GDP),NY.GDP.PETR.RT.ZS,0
Vietnam,VNM,2021,Total natural resources rents (% of GDP),NY.GDP.TOTL.RT.ZS,2.54701708790768
Vietnam,VNM,2020,Total natural resources rents (% of GDP),NY.GDP.TOTL.RT.ZS,1.8108819584417
Vietnam,VNM,2019,Total natural resources rents (% of GDP),NY.GDP.TOTL.RT.ZS,2.50068260501281
Vietnam,VNM,2018,Total natural resources rents (% of GDP),NY.GDP.TOTL.RT.ZS,3.26009968480725
Vietnam,VNM,2017,Total natural resources rents (% of GDP),NY.GDP.TOTL.RT.ZS,3.21350443557147
Vietnam,VNM,2016,Total natural resources rents (% of GDP),NY.GDP.TOTL.RT.ZS,2.68357593807147
Vietnam,VNM,2015,Total natural resources rents (% of GDP),NY.GDP.TOTL.RT.ZS,3.38333033260239
Vietnam,VNM,2014,Total natural resources rents (% of GDP),NY.GDP.TOTL.RT.ZS,5.66094916066902
Vietnam,VNM,2013,Total natural resources rents (% of GDP),NY.GDP.TOTL.RT.ZS,5.91331153505454
Vietnam,VNM,2012,Total natural resources rents (% of GDP),NY.GDP.TOTL.RT.ZS,7.29867693307343
Vietnam,VNM,2011,Total natural resources rents (% of GDP),NY.GDP.TOTL.RT.ZS,9.06944428635118
Vietnam,VNM,2010,Total natural resources rents (% of GDP),NY.GDP.TOTL.RT.ZS,7.4812809152762
Vietnam,VNM,2009,Total natural resources rents (% of GDP),NY.GDP.TOTL.RT.ZS,7.40088651172265
Vietnam,VNM,2008,Total natural resources rents (% of GDP),NY.GDP.TOTL.RT.ZS,13.9196883964883
Vietnam,VNM,2007,Total natural resources rents (% of GDP),NY.GDP.TOTL.RT.ZS,11.4131853552874
Vietnam,VNM,2006,Total natural resources rents (% of GDP),NY.GDP.TOTL.RT.ZS,12.2305390234099
Vietnam,VNM,2005,Total natural resources rents (% of GDP),NY.GDP.TOTL.RT.ZS,12.1341965365962
Vietnam,VNM,2004,Total natural resources rents (% of GDP),NY.GDP.TOTL.RT.ZS,11.7642910494755
Vietnam,VNM,2003,Total natural resources rents (% of GDP),NY.GDP.TOTL.RT.ZS,7.95488668034576
Vietnam,VNM,2002,Total natural resources rents (% of GDP),NY.GDP.TOTL.RT.ZS,7.4254913633254
Vietnam,VNM,2001,Total natural resources rents (% of GDP),NY.GDP.TOTL.RT.ZS,7.98035643169834
Vietnam,VNM,2000,Total natural resources rents (% of GDP),NY.GDP.TOTL.RT.ZS,9.69222818683314
Vietnam,VNM,1999,Total natural resources rents (% of GDP),NY.GDP.TOTL.RT.ZS,5.6404762468781
Vietnam,VNM,1998,Total natural resources rents (% of GDP),NY.GDP.TOTL.RT.ZS,4.5585937085968
Vietnam,VNM,1997,Total natural resources rents (% of GDP),NY.GDP.TOTL.RT.ZS,5.75041182361485
Vietnam,VNM,1996,Total natural resources rents (% of GDP),NY.GDP.TOTL.RT.ZS,7.00278823071902
Vietnam,VNM,1995,Total natural resources rents (% of GDP),NY.GDP.TOTL.RT.ZS,7.28047435709847
Vietnam,VNM,1994,Total natural resources rents (% of GDP),NY.GDP.TOTL.RT.ZS,6.73816649187403
Vietnam,VNM,1993,Total natural resources rents (% of GDP),NY.GDP.TOTL.RT.ZS,7.69223871824485
Vietnam,VNM,1992,Total natural resources rents (% of GDP),NY.GDP.TOTL.RT.ZS,10.2593518493001
Vietnam,VNM,1991,Total natural resources rents (% of GDP),NY.GDP.TOTL.RT.ZS,8.02299122246395
Vietnam,VNM,1990,Total natural resources rents (% of GDP),NY.GDP.TOTL.RT.ZS,12.3278452336478
Vietnam,VNM,1989,Total natural resources rents (% of GDP),NY.GDP.TOTL.RT.ZS,9.25339598228214
Vietnam,VNM,1988,Total natural resources rents (% of GDP),NY.GDP.TOTL.RT.ZS,1.76270601643729
Vietnam,VNM,1987,Total natural resources rents (% of GDP),NY.GDP.TOTL.RT.ZS,1.16167437420428
Vietnam,VNM,1986,Total natural resources rents (% of GDP),NY.GDP.TOTL.RT.ZS,1.46541596979983
Vietnam,VNM,1985,Total natural resources rents (% of GDP),NY.GDP.TOTL.RT.ZS,2.16947033947215
Vietnam,VNM,2021,Fuel imports (% of merchandise imports),TM.VAL.FUEL.ZS.UN,4.94519642383979
Vietnam,VNM,2020,Fuel imports (% of merchandise imports),TM.VAL.FUEL.ZS.UN,4.93625810516018
Vietnam,VNM,2019,Fuel imports (% of merchandise imports),TM.VAL.FUEL.ZS.UN,6.12713639752046
Vietnam,VNM,2018,Fuel imports (% of merchandise imports),TM.VAL.FUEL.ZS.UN,6.32799193461633
Vietnam,VNM,2017,Fuel imports (% of merchandise imports),TM.VAL.FUEL.ZS.UN,5.16322751906425
Vietnam,VNM,2016,Fuel imports (% of merchandise imports),TM.VAL.FUEL.ZS.UN,4.40457633094147
Vietnam,VNM,2015,Fuel imports (% of merchandise imports),TM.VAL.FUEL.ZS.UN,4.7323217637881
Vietnam,VNM,2014,Fuel imports (% of merchandise imports),TM.VAL.FUEL.ZS.UN,7.00470151220856
Vietnam,VNM,2013,Fuel imports (% of merchandise imports),TM.VAL.FUEL.ZS.UN,7.66384307688665
Vietnam,VNM,2012,Fuel imports (% of merchandise imports),TM.VAL.FUEL.ZS.UN,10.0651148123985
Vietnam,VNM,2011,Fuel imports (% of merchandise imports),TM.VAL.FUEL.ZS.UN,11.7386877686829
Vietnam,VNM,2010,Fuel imports (% of merchandise imports),TM.VAL.FUEL.ZS.UN,9.59513775731648
Vietnam,VNM,2009,Fuel imports (% of merchandise imports),TM.VAL.FUEL.ZS.UN,10.7183395971997
Vietnam,VNM,2008,Fuel imports (% of merchandise imports),TM.VAL.FUEL.ZS.UN,15.2758395177981
Vietnam,VNM,2007,Fuel imports (% of merchandise imports),TM.VAL.FUEL.ZS.UN,13.9317430214933
Vietnam,VNM,2006,Fuel imports (% of merchandise imports),TM.VAL.FUEL.ZS.UN,14.9226595455726
Vietnam,VNM,2005,Fuel imports (% of merchandise imports),TM.VAL.FUEL.ZS.UN,14.5961116766887
Vietnam,VNM,2004,Fuel imports (% of merchandise imports),TM.VAL.FUEL.ZS.UN,12.4552224351046
Vietnam,VNM,2003,Fuel imports (% of merchandise imports),TM.VAL.FUEL.ZS.UN,10.7474206192611
Vietnam,VNM,2002,Fuel imports (% of merchandise imports),TM.VAL.FUEL.ZS.UN,10.9668931645042
Vietnam,VNM,2001,Fuel imports (% of merchandise imports),TM.VAL.FUEL.ZS.UN,12.1488130104406
Vietnam,VNM,2000,Fuel imports (% of merchandise imports),TM.VAL.FUEL.ZS.UN,13.5120405245973
Vietnam,VNM,1999,Fuel imports (% of merchandise imports),TM.VAL.FUEL.ZS.UN,9.46649389618824
Vietnam,VNM,1998,Fuel imports (% of merchandise imports),TM.VAL.FUEL.ZS.UN,7.72890978207599
Vietnam,VNM,1997,Fuel imports (% of merchandise imports),TM.VAL.FUEL.ZS.UN,10.3020358398623
Vietnam,VNM,2021,Ores and metals imports (% of merchandise imports),TM.VAL.MMTL.ZS.UN,4.66080746693181
Vietnam,VNM,2020,Ores and metals imports (% of merchandise imports),TM.VAL.MMTL.ZS.UN,3.81890044146468
Vietnam,VNM,2019,Ores and metals imports (% of merchandise imports),TM.VAL.MMTL.ZS.UN,3.8763453438831
Vietnam,VNM,2018,Ores and metals imports (% of merchandise imports),TM.VAL.MMTL.ZS.UN,4.44946609946626
Vietnam,VNM,2017,Ores and metals imports (% of merchandise imports),TM.VAL.MMTL.ZS.UN,3.91795965849244
Vietnam,VNM,2016,Ores and metals imports (% of merchandise imports),TM.VAL.MMTL.ZS.UN,3.77568590401738
Vietnam,VNM,2015,Ores and metals imports (% of merchandise imports),TM.VAL.MMTL.ZS.UN,3.57702313112012
Vietnam,VNM,2014,Ores and metals imports (% of merchandise imports),TM.VAL.MMTL.ZS.UN,3.72302332156423
Vietnam,VNM,2013,Ores and metals imports (% of merchandise imports),TM.VAL.MMTL.ZS.UN,3.71593958715255
Vietnam,VNM,2012,Ores and metals imports (% of merchandise imports),TM.VAL.MMTL.ZS.UN,4.18306095790595
Vietnam,VNM,2011,Ores and metals imports (% of merchandise imports),TM.VAL.MMTL.ZS.UN,4.25422726553065
Vietnam,VNM,2010,Ores and metals imports (% of merchandise imports),TM.VAL.MMTL.ZS.UN,4.79463094546448
Vietnam,VNM,2009,Ores and metals imports (% of merchandise imports),TM.VAL.MMTL.ZS.UN,3.95902138149312
Vietnam,VNM,2008,Ores and metals imports (% of merchandise imports),TM.VAL.MMTL.ZS.UN,3.88408552965669
Vietnam,VNM,2007,Ores and metals imports (% of merchandise imports),TM.VAL.MMTL.ZS.UN,4.22879854873733
Vietnam,VNM,2006,Ores and metals imports (% of merchandise imports),TM.VAL.MMTL.ZS.UN,4.16937380532951
Vietnam,VNM,2005,Ores and metals imports (% of merchandise imports),TM.VAL.MMTL.ZS.UN,2.9854636974809
Vietnam,VNM,2004,Ores and metals imports (% of merchandise imports),TM.VAL.MMTL.ZS.UN,3.10089981248744
Vietnam,VNM,2003,Ores and metals imports (% of merchandise imports),TM.VAL.MMTL.ZS.UN,2.55652930656144
Vietnam,VNM,2002,Ores and metals imports (% of merchandise imports),TM.VAL.MMTL.ZS.UN,2.79095893262397
Vietnam,VNM,2001,Ores and metals imports (% of merchandise imports),TM.VAL.MMTL.ZS.UN,2.66056576260592
Vietnam,VNM,2000,Ores and metals imports (% of merchandise imports),TM.VAL.MMTL.ZS.UN,2.27825512159733
Vietnam,VNM,1999,Ores and metals imports (% of merchandise imports),TM.VAL.MMTL.ZS.UN,2.37851890418738
Vietnam,VNM,1998,Ores and metals imports (% of merchandise imports),TM.VAL.MMTL.ZS.UN,1.72159117974711
Vietnam,VNM,1997,Ores and metals imports (% of merchandise imports),TM.VAL.MMTL.ZS.UN,1.97578912313664
Vietnam,VNM,2021,Fuel exports (% of merchandise exports),TX.VAL.FUEL.ZS.UN,0.979644882422729
Vietnam,VNM,2020,Fuel exports (% of merchandise exports),TX.VAL.FUEL.ZS.UN,0.94849894404578
Vietnam,VNM,2019,Fuel exports (% of merchandise exports),TX.VAL.FUEL.ZS.UN,1.37705086993892
Vietnam,VNM,2018,Fuel exports (% of merchandise exports),TX.VAL.FUEL.ZS.UN,1.6139127032886
Vietnam,VNM,2017,Fuel exports (% of merchandise exports),TX.VAL.FUEL.ZS.UN,2.25277351299626
Vietnam,VNM,2016,Fuel exports (% of merchandise exports),TX.VAL.FUEL.ZS.UN,2.02635621812933
Vietnam,VNM,2015,Fuel exports (% of merchandise exports),TX.VAL.FUEL.ZS.UN,3.08352977817506
Vietnam,VNM,2014,Fuel exports (% of merchandise exports),TX.VAL.FUEL.ZS.UN,6.14993473897265
Vietnam,VNM,2013,Fuel exports (% of merchandise exports),TX.VAL.FUEL.ZS.UN,7.33546515638199
Vietnam,VNM,2012,Fuel exports (% of merchandise exports),TX.VAL.FUEL.ZS.UN,9.91288499039707
Vietnam,VNM,2011,Fuel exports (% of merchandise exports),TX.VAL.FUEL.ZS.UN,11.3593523993831
Vietnam,VNM,2010,Fuel exports (% of merchandise exports),TX.VAL.FUEL.ZS.UN,11.0465855531952
Vietnam,VNM,2009,Fuel exports (% of merchandise exports),TX.VAL.FUEL.ZS.UN,14.8994835142997
Vietnam,VNM,2008,Fuel exports (% of merchandise exports),TX.VAL.FUEL.ZS.UN,20.1729533963251
Vietnam,VNM,2007,Fuel exports (% of merchandise exports),TX.VAL.FUEL.ZS.UN,20.7181172099468
Vietnam,VNM,2006,Fuel exports (% of merchandise exports),TX.VAL.FUEL.ZS.UN,24.3794368857707
Vietnam,VNM,2005,Fuel exports (% of merchandise exports),TX.VAL.FUEL.ZS.UN,25.7588869664945
Vietnam,VNM,2004,Fuel exports (% of merchandise exports),TX.VAL.FUEL.ZS.UN,23.5351549250109
Vietnam,VNM,2003,Fuel exports (% of merchandise exports),TX.VAL.FUEL.ZS.UN,20.6017912786283
Vietnam,VNM,2002,Fuel exports (% of merchandise exports),TX.VAL.FUEL.ZS.UN,21.2354911123902
Vietnam,VNM,2001,Fuel exports (% of merchandise exports),TX.VAL.FUEL.ZS.UN,22.9046197135305
Vietnam,VNM,2000,Fuel exports (% of merchandise exports),TX.VAL.FUEL.ZS.UN,26.4090649126343
Vietnam,VNM,1999,Fuel exports (% of merchandise exports),TX.VAL.FUEL.ZS.UN,20.48745051064
Vietnam,VNM,1998,Fuel exports (% of merchandise exports),TX.VAL.FUEL.ZS.UN,15.4073486360175
Vietnam,VNM,1997,Fuel exports (% of merchandise exports),TX.VAL.FUEL.ZS.UN,17.960909117159
Vietnam,VNM,2021,Ores and metals exports (% of merchandise exports),TX.VAL.MMTL.ZS.UN,1.15683907100239
Vietnam,VNM,2020,Ores and metals exports (% of merchandise exports),TX.VAL.MMTL.ZS.UN,1.05424438145282
Vietnam,VNM,2019,Ores and metals exports (% of merchandise exports),TX.VAL.MMTL.ZS.UN,1.09068113673607
Vietnam,VNM,2018,Ores and metals exports (% of merchandise exports),TX.VAL.MMTL.ZS.UN,1.12953315423142
Vietnam,VNM,2017,Ores and metals exports (% of merchandise exports),TX.VAL.MMTL.ZS.UN,1.01499869930366
Vietnam,VNM,2016,Ores and metals exports (% of merchandise exports),TX.VAL.MMTL.ZS.UN,0.824603887403562
Vietnam,VNM,2015,Ores and metals exports (% of merchandise exports),TX.VAL.MMTL.ZS.UN,0.797117049899595
Vietnam,VNM,2014,Ores and metals exports (% of merchandise exports),TX.VAL.MMTL.ZS.UN,0.786280339122938
Vietnam,VNM,2013,Ores and metals exports (% of merchandise exports),TX.VAL.MMTL.ZS.UN,0.710582349461454
Vietnam,VNM,2012,Ores and metals exports (% of merchandise exports),TX.VAL.MMTL.ZS.UN,0.636657416395891
Vietnam,VNM,2011,Ores and metals exports (% of merchandise exports),TX.VAL.MMTL.ZS.UN,0.833895040389376
Vietnam,VNM,2010,Ores and metals exports (% of merchandise exports),TX.VAL.MMTL.ZS.UN,1.01634485063783
Vietnam,VNM,2009,Ores and metals exports (% of merchandise exports),TX.VAL.MMTL.ZS.UN,0.722575399049385
Vietnam,VNM,2008,Ores and metals exports (% of merchandise exports),TX.VAL.MMTL.ZS.UN,0.901530699131761
Vietnam,VNM,2007,Ores and metals exports (% of merchandise exports),TX.VAL.MMTL.ZS.UN,0.771353509653311
Vietnam,VNM,2006,Ores and metals exports (% of merchandise exports),TX.VAL.MMTL.ZS.UN,0.687448177953374
Vietnam,VNM,2005,Ores and metals exports (% of merchandise exports),TX.VAL.MMTL.ZS.UN,0.574678638101654
Vietnam,VNM,2004,Ores and metals exports (% of merchandise exports),TX.VAL.MMTL.ZS.UN,0.69603534994892
Vietnam,VNM,2003,Ores and metals exports (% of merchandise exports),TX.VAL.MMTL.ZS.UN,0.517852054592614
Vietnam,VNM,2002,Ores and metals exports (% of merchandise exports),TX.VAL.MMTL.ZS.UN,0.508523786701465
Vietnam,VNM,2001,Ores and metals exports (% of merchandise exports),TX.VAL.MMTL.ZS.UN,0.654006370246594
Vietnam,VNM,2000,Ores and metals exports (% of merchandise exports),TX.VAL.MMTL.ZS.UN,0.436402137357543
Vietnam,VNM,1999,Ores and metals exports (% of merchandise exports),TX.VAL.MMTL.ZS.UN,0.495626269812491
Vietnam,VNM,1998,Ores and metals exports (% of merchandise exports),TX.VAL.MMTL.ZS.UN,0.542089577945449
Vietnam,VNM,1997,Ores and metals exports (% of merchandise exports),TX.VAL.MMTL.ZS.UN,0.472684438175447
