index,Year,Months,Element,Unit,Value
14232,1991,Annual value,KG,USD,0.17
14233,1992,Annual value,KG,USD,0.19
14234,1993,Annual value,KG,USD,0.2
14235,1994,Annual value,KG,USD,0.22
14236,1995,Annual value,KG,USD,0.28
14237,1996,Annual value,KG,USD,0.31
14238,1997,Annual value,KG,USD,0.27
14239,1998,Annual value,KG,USD,0.2
14240,1999,Annual value,KG,USD,0.2
14241,2000,Annual value,KG,USD,0.19
14242,2001,Annual value,KG,USD,0.16
14243,2002,Annual value,KG,USD,0.17
14244,2003,Annual value,KG,USD,0.16
14245,2004,Annual value,KG,USD,0.17
14246,2005,Annual value,KG,USD,0.19
14247,2006,Annual value,KG,USD,0.2
14248,2007,Annual value,KG,USD,0.24
14249,2008,Annual value,KG,USD,0.32
14250,2009,Annual value,KG,USD,0.31
14251,2010,Annual value,KG,USD,0.33
14252,2011,Annual value,KG,USD,0.35
14253,2012,Annual value,KG,USD,0.38
14254,2013,Annual value,KG,USD,0.4
14255,2014,Annual value,KG,USD,0.45
14256,2015,Annual value,KG,USD,0.38
14257,2016,Annual value,KG,USD,0.37
14258,2017,Annual value,KG,USD,0.36
14259,2018,Annual value,KG,USD,0.38
14260,2019,Annual value,KG,USD,0.33
14261,2020,Annual value,KG,USD,0.34
14262,2021,Annual value,KG,USD,0.34
