Country,Year,datenum,avg_usdprices
Philippines,2001,11337.0,0.41
Philippines,2002,11702.0,0.34
Philippines,2003,12067.0,0.36
Philippines,2004,12432.0,0.34
Philippines,2005,12798.0,0.35
Philippines,2006,13163.0,0.38
Philippines,2007,13528.0,0.42
Philippines,2008,13893.0,0.5
Philippines,2009,14259.0,0.54
Philippines,2010,14624.0,0.53
Philippines,2011,14989.0,0.58
Philippines,2012,15354.0,0.74
Philippines,2013,15720.0,0.67
Philippines,2014,16085.0,0.78
Philippines,2015,16450.0,0.9
Philippines,2016,16815.0,0.83
Philippines,2017,17181.0,0.79
Philippines,2018,17546.0,0.75
Philippines,2019,17911.0,0.78
Philippines,2020,18276.0,0.72
Philippines,2021,18642.0,0.85
Philippines,2022,19007.0,0.88
