,Country Name,Year,Indicator Name,Value
0,Brunei Darussalam,2022,"Inflation, consumer prices (annual %)",3.68225030604209
1,Brunei Darussalam,2021,"Inflation, consumer prices (annual %)",1.73341388450597
2,Brunei Darussalam,2020,"Inflation, consumer prices (annual %)",1.94031996607178
3,Brunei Darussalam,2019,"Inflation, consumer prices (annual %)",-0.390522069165492
4,Brunei Darussalam,2018,"Inflation, consumer prices (annual %)",1.02505179290213
5,Brunei Darussalam,2017,"Inflation, consumer prices (annual %)",-1.26050564628963
6,Brunei Darussalam,2016,"Inflation, consumer prices (annual %)",-0.278693265753062
7,Brunei Darussalam,2015,"Inflation, consumer prices (annual %)",-0.488347420743486
8,Brunei Darussalam,2014,"Inflation, consumer prices (annual %)",-0.207108731719878
9,Brunei Darussalam,2013,"Inflation, consumer prices (annual %)",0.389205053123613
10,Brunei Darussalam,2012,"Inflation, consumer prices (annual %)",0.111766261400274
11,Brunei Darussalam,2011,"Inflation, consumer prices (annual %)",0.137911563169595
12,Brunei Darussalam,2010,"Inflation, consumer prices (annual %)",0.356869132017602
13,Brunei Darussalam,2009,"Inflation, consumer prices (annual %)",1.03571774271615
14,Brunei Darussalam,2008,"Inflation, consumer prices (annual %)",2.08498023715416
15,Brunei Darussalam,2007,"Inflation, consumer prices (annual %)",0.967774119525083
16,Brunei Darussalam,2006,"Inflation, consumer prices (annual %)",0.159888078345143
17,Brunei Darussalam,2005,"Inflation, consumer prices (annual %)",1.24443711883964
18,Brunei Darussalam,2004,"Inflation, consumer prices (annual %)",0.814223994682602
19,Brunei Darussalam,2003,"Inflation, consumer prices (annual %)",0.299999999999977
20,Brunei Darussalam,2002,"Inflation, consumer prices (annual %)",-2.3149724245932
21,Brunei Darussalam,2001,"Inflation, consumer prices (annual %)",0.595890410958983
22,Brunei Darussalam,2000,"Inflation, consumer prices (annual %)",1.55815247634947
23,Brunei Darussalam,1999,"Inflation, consumer prices (annual %)",-0.415627597672449
24,Brunei Darussalam,1998,"Inflation, consumer prices (annual %)",-0.441379310344899
25,Brunei Darussalam,1997,"Inflation, consumer prices (annual %)",1.71156004489334
26,Brunei Darussalam,1996,"Inflation, consumer prices (annual %)",1.99613650998079
27,Brunei Darussalam,1995,"Inflation, consumer prices (annual %)",5.96664139499613
28,Brunei Darussalam,1994,"Inflation, consumer prices (annual %)",2.46251844946788
29,Brunei Darussalam,1993,"Inflation, consumer prices (annual %)",4.25170068027211
30,Brunei Darussalam,1992,"Inflation, consumer prices (annual %)",1.27952755905517
31,Brunei Darussalam,1991,"Inflation, consumer prices (annual %)",1.60000000000001
32,Brunei Darussalam,1990,"Inflation, consumer prices (annual %)",2.13866293163794
33,Brunei Darussalam,1989,"Inflation, consumer prices (annual %)",1.30430037109821
34,Brunei Darussalam,1988,"Inflation, consumer prices (annual %)",1.19284294234599
35,Brunei Darussalam,1987,"Inflation, consumer prices (annual %)",1.24685490634577
36,Brunei Darussalam,1986,"Inflation, consumer prices (annual %)",1.78124288641065
37,Brunei Darussalam,1985,"Inflation, consumer prices (annual %)",2.35321528424929
38,Brunei Darussalam,1984,"Inflation, consumer prices (annual %)",3.07396733909727
39,Brunei Darussalam,1983,"Inflation, consumer prices (annual %)",1.1661807580175
40,Brunei Darussalam,1982,"Inflation, consumer prices (annual %)",6.35658914728686
41,Brunei Darussalam,1981,"Inflation, consumer prices (annual %)",9.13705583756339
42,Brunei Darussalam,2022,GDP per capita (constant 2015 US$),28954.0673993481
43,Brunei Darussalam,2021,GDP per capita (constant 2015 US$),29673.1692675163
44,Brunei Darussalam,2020,GDP per capita (constant 2015 US$),30401.8472615929
45,Brunei Darussalam,2019,GDP per capita (constant 2015 US$),30313.4172889713
46,Brunei Darussalam,2018,GDP per capita (constant 2015 US$),29437.8685052227
47,Brunei Darussalam,2017,GDP per capita (constant 2015 US$),29695.8841814084
48,Brunei Darussalam,2016,GDP per capita (constant 2015 US$),29601.0998497528
49,Brunei Darussalam,2015,GDP per capita (constant 2015 US$),30681.4374376753
50,Brunei Darussalam,2014,GDP per capita (constant 2015 US$),31155.7476268724
51,Brunei Darussalam,2013,GDP per capita (constant 2015 US$),32341.8926634093
52,Brunei Darussalam,2012,GDP per capita (constant 2015 US$),33456.2690737431
53,Brunei Darussalam,2011,GDP per capita (constant 2015 US$),33577.064222465
54,Brunei Darussalam,2010,GDP per capita (constant 2015 US$),32810.5073531232
55,Brunei Darussalam,2009,GDP per capita (constant 2015 US$),32449.8339947592
56,Brunei Darussalam,2008,GDP per capita (constant 2015 US$),33526.0064269908
57,Brunei Darussalam,2007,GDP per capita (constant 2015 US$),34714.5441423146
58,Brunei Darussalam,2006,GDP per capita (constant 2015 US$),35213.2224054513
59,Brunei Darussalam,2005,GDP per capita (constant 2015 US$),34290.1146469375
60,Brunei Darussalam,2004,GDP per capita (constant 2015 US$),34750.5775570902
61,Brunei Darussalam,2003,GDP per capita (constant 2015 US$),35202.7930701175
62,Brunei Darussalam,2002,GDP per capita (constant 2015 US$),34857.3971362542
63,Brunei Darussalam,2001,GDP per capita (constant 2015 US$),34219.3144630281
64,Brunei Darussalam,2000,GDP per capita (constant 2015 US$),33985.8193193043
65,Brunei Darussalam,1999,GDP per capita (constant 2015 US$),33739.4975547378
66,Brunei Darussalam,1998,GDP per capita (constant 2015 US$),33445.1246082193
67,Brunei Darussalam,1997,GDP per capita (constant 2015 US$),34377.8614632656
68,Brunei Darussalam,1996,GDP per capita (constant 2015 US$),35690.9886171929
69,Brunei Darussalam,1995,GDP per capita (constant 2015 US$),35515.8472668138
70,Brunei Darussalam,1994,GDP per capita (constant 2015 US$),34827.3379745612
71,Brunei Darussalam,1993,GDP per capita (constant 2015 US$),34621.7722426822
72,Brunei Darussalam,1992,GDP per capita (constant 2015 US$),35424.5509886101
73,Brunei Darussalam,1991,GDP per capita (constant 2015 US$),34762.238683228
74,Brunei Darussalam,1990,GDP per capita (constant 2015 US$),34722.5956220278
75,Brunei Darussalam,1989,GDP per capita (constant 2015 US$),35445.4791506143
76,Brunei Darussalam,1988,GDP per capita (constant 2015 US$),37010.2760093876
77,Brunei Darussalam,1987,GDP per capita (constant 2015 US$),37843.1941279235
78,Brunei Darussalam,1986,GDP per capita (constant 2015 US$),38372.6221407107
79,Brunei Darussalam,1985,GDP per capita (constant 2015 US$),40810.3532412707
80,Brunei Darussalam,1984,GDP per capita (constant 2015 US$),42863.0838955315
81,Brunei Darussalam,1983,GDP per capita (constant 2015 US$),44077.3384186858
82,Brunei Darussalam,1982,GDP per capita (constant 2015 US$),45364.2076064224
83,Brunei Darussalam,1981,GDP per capita (constant 2015 US$),45105.926509858
84,Brunei Darussalam,1980,GDP per capita (constant 2015 US$),58110.139379843
85,Brunei Darussalam,1979,GDP per capita (constant 2015 US$),64531.8982461498
86,Brunei Darussalam,1978,GDP per capita (constant 2015 US$),54378.1944369002
87,Brunei Darussalam,1977,GDP per capita (constant 2015 US$),52604.3146981314
88,Brunei Darussalam,1976,GDP per capita (constant 2015 US$),49006.0005960233
89,Brunei Darussalam,1975,GDP per capita (constant 2015 US$),42167.8316470581
90,Brunei Darussalam,1974,GDP per capita (constant 2015 US$),43472.238618868
91,Indonesia,2022,"Inflation, consumer prices (annual %)",4.2094638340216
92,Indonesia,2021,"Inflation, consumer prices (annual %)",1.56012990525685
93,Indonesia,2020,"Inflation, consumer prices (annual %)",1.92096800566845
94,Indonesia,2019,"Inflation, consumer prices (annual %)",3.03058664969491
95,Indonesia,2018,"Inflation, consumer prices (annual %)",3.19834641562404
96,Indonesia,2017,"Inflation, consumer prices (annual %)",3.80879806953163
97,Indonesia,2016,"Inflation, consumer prices (annual %)",3.5258051568793
98,Indonesia,2015,"Inflation, consumer prices (annual %)",6.36312113115614
99,Indonesia,2014,"Inflation, consumer prices (annual %)",6.39492540819922
100,Indonesia,2013,"Inflation, consumer prices (annual %)",6.41251330156414
101,Indonesia,2012,"Inflation, consumer prices (annual %)",4.27949999641976
102,Indonesia,2011,"Inflation, consumer prices (annual %)",5.3560477898215
103,Indonesia,2010,"Inflation, consumer prices (annual %)",5.1342040076793
104,Indonesia,2009,"Inflation, consumer prices (annual %)",4.38641555014729
105,Indonesia,2008,"Inflation, consumer prices (annual %)",10.2266645473148
106,Indonesia,2007,"Inflation, consumer prices (annual %)",6.40656281325702
107,Indonesia,2006,"Inflation, consumer prices (annual %)",13.1086720985297
108,Indonesia,2005,"Inflation, consumer prices (annual %)",10.4531984193865
109,Indonesia,2004,"Inflation, consumer prices (annual %)",6.06405988526519
110,Indonesia,2003,"Inflation, consumer prices (annual %)",6.7573171936285
111,Indonesia,2002,"Inflation, consumer prices (annual %)",11.9001175663779
112,Indonesia,2001,"Inflation, consumer prices (annual %)",11.5001148791768
113,Indonesia,2000,"Inflation, consumer prices (annual %)",3.68861915958351
114,Indonesia,1999,"Inflation, consumer prices (annual %)",20.4778311126401
115,Indonesia,1998,"Inflation, consumer prices (annual %)",58.4510444723946
116,Indonesia,1997,"Inflation, consumer prices (annual %)",6.22614163387585
117,Indonesia,1996,"Inflation, consumer prices (annual %)",7.97328085611421
118,Indonesia,1995,"Inflation, consumer prices (annual %)",9.42032321644617
119,Indonesia,1994,"Inflation, consumer prices (annual %)",8.53200525418844
120,Indonesia,1993,"Inflation, consumer prices (annual %)",9.67189338180124
121,Indonesia,1992,"Inflation, consumer prices (annual %)",7.52351717022744
122,Indonesia,1991,"Inflation, consumer prices (annual %)",9.41905827724153
123,Indonesia,1990,"Inflation, consumer prices (annual %)",7.81919144730541
124,Indonesia,1989,"Inflation, consumer prices (annual %)",6.41553963494968
125,Indonesia,1988,"Inflation, consumer prices (annual %)",8.04536715123097
126,Indonesia,1987,"Inflation, consumer prices (annual %)",9.2786561316159
127,Indonesia,1986,"Inflation, consumer prices (annual %)",5.82266696175201
128,Indonesia,1985,"Inflation, consumer prices (annual %)",4.72453615680209
129,Indonesia,1984,"Inflation, consumer prices (annual %)",10.45503482319
130,Indonesia,1983,"Inflation, consumer prices (annual %)",11.7997405215176
131,Indonesia,1982,"Inflation, consumer prices (annual %)",9.44542395353453
132,Indonesia,1981,"Inflation, consumer prices (annual %)",12.2659085141911
133,Indonesia,1980,"Inflation, consumer prices (annual %)",18.0354301616893
134,Indonesia,1979,"Inflation, consumer prices (annual %)",16.2327657550178
135,Indonesia,1978,"Inflation, consumer prices (annual %)",8.11258259525912
136,Indonesia,1977,"Inflation, consumer prices (annual %)",11.0520897946254
137,Indonesia,1976,"Inflation, consumer prices (annual %)",19.8286536956641
138,Indonesia,1975,"Inflation, consumer prices (annual %)",19.1656971335588
139,Indonesia,1974,"Inflation, consumer prices (annual %)",40.4917904384715
140,Indonesia,1973,"Inflation, consumer prices (annual %)",31.0418812711131
141,Indonesia,1972,"Inflation, consumer prices (annual %)",6.5217492128302
142,Indonesia,1971,"Inflation, consumer prices (annual %)",4.23374894488334
143,Indonesia,1970,"Inflation, consumer prices (annual %)",12.3994646487815
144,Indonesia,1969,"Inflation, consumer prices (annual %)",15.4798702151618
145,Indonesia,1968,"Inflation, consumer prices (annual %)",128.843042071197
146,Indonesia,1967,"Inflation, consumer prices (annual %)",106
147,Indonesia,1966,"Inflation, consumer prices (annual %)",1136.2541122077
148,Indonesia,1965,"Inflation, consumer prices (annual %)",306.763110307415
149,Indonesia,1964,"Inflation, consumer prices (annual %)",108.994708994709
150,Indonesia,1963,"Inflation, consumer prices (annual %)",145.910780669145
151,Indonesia,1962,"Inflation, consumer prices (annual %)",131.397849462365
152,Indonesia,1961,"Inflation, consumer prices (annual %)",13.6919315403424
153,Indonesia,1960,"Inflation, consumer prices (annual %)",39.5904436860068
154,Indonesia,2022,GDP per capita (constant 2015 US$),4073.61049438787
155,Indonesia,2021,GDP per capita (constant 2015 US$),3892.96237157954
156,Indonesia,2020,GDP per capita (constant 2015 US$),3780.12163455478
157,Indonesia,2019,GDP per capita (constant 2015 US$),3892.42166201675
158,Indonesia,2018,GDP per capita (constant 2015 US$),3741.30526695799
159,Indonesia,2017,GDP per capita (constant 2015 US$),3591.78002859126
160,Indonesia,2016,GDP per capita (constant 2015 US$),3453.04943043202
161,Indonesia,2015,GDP per capita (constant 2015 US$),3322.58167907656
162,Indonesia,2014,GDP per capita (constant 2015 US$),3203.48428713851
163,Indonesia,2013,GDP per capita (constant 2015 US$),3086.32311706567
164,Indonesia,2012,GDP per capita (constant 2015 US$),2959.51447827557
165,Indonesia,2011,GDP per capita (constant 2015 US$),2826.48044082736
166,Indonesia,2010,GDP per capita (constant 2015 US$),2695.86817017123
167,Indonesia,2009,GDP per capita (constant 2015 US$),2569.87421268795
168,Indonesia,2008,GDP per capita (constant 2015 US$),2487.61129670116
169,Indonesia,2007,GDP per capita (constant 2015 US$),2377.25499304141
170,Indonesia,2006,GDP per capita (constant 2015 US$),2264.93573339716
171,Indonesia,2005,GDP per capita (constant 2015 US$),2174.91522157705
172,Indonesia,2004,GDP per capita (constant 2015 US$),2083.88250903836
173,Indonesia,2003,GDP per capita (constant 2015 US$),2009.48978401006
174,Indonesia,2002,GDP per capita (constant 2015 US$),1943.64492799924
175,Indonesia,2001,GDP per capita (constant 2015 US$),1885.67975143169
176,Indonesia,2000,GDP per capita (constant 2015 US$),1845.22780079212
177,Indonesia,1999,GDP per capita (constant 2015 US$),1784.33359477484
178,Indonesia,1998,GDP per capita (constant 2015 US$),1797.08392190227
179,Indonesia,1997,GDP per capita (constant 2015 US$),2101.25414954159
180,Indonesia,1996,GDP per capita (constant 2015 US$),2039.36298885744
181,Indonesia,1995,GDP per capita (constant 2015 US$),1922.35211813315
182,Indonesia,1994,GDP per capita (constant 2015 US$),1805.6038854221
183,Indonesia,1993,GDP per capita (constant 2015 US$),1706.95236467312
184,Indonesia,1992,GDP per capita (constant 2015 US$),1629.84797829766
185,Indonesia,1991,GDP per capita (constant 2015 US$),1556.80666359628
186,Indonesia,1990,GDP per capita (constant 2015 US$),1483.63803208584
187,Indonesia,1989,GDP per capita (constant 2015 US$),1408.50248301686
188,Indonesia,1988,GDP per capita (constant 2015 US$),1330.95344014247
189,Indonesia,1987,GDP per capita (constant 2015 US$),1283.9626916328
190,Indonesia,1986,GDP per capita (constant 2015 US$),1246.5797238182
191,Indonesia,1985,GDP per capita (constant 2015 US$),1202.35339073592
192,Indonesia,1984,GDP per capita (constant 2015 US$),1198.46006404636
193,Indonesia,1983,GDP per capita (constant 2015 US$),1146.72781714716
194,Indonesia,1982,GDP per capita (constant 2015 US$),1123.64998837494
195,Indonesia,1981,GDP per capita (constant 2015 US$),1124.61819331816
196,Indonesia,1980,GDP per capita (constant 2015 US$),1067.17202386118
197,Indonesia,1979,GDP per capita (constant 2015 US$),993.516406515062
198,Indonesia,1978,GDP per capita (constant 2015 US$),949.878771240743
199,Indonesia,1977,GDP per capita (constant 2015 US$),910.667288137517
200,Indonesia,1976,GDP per capita (constant 2015 US$),862.038711400995
201,Indonesia,1975,GDP per capita (constant 2015 US$),825.339125095017
202,Indonesia,1974,GDP per capita (constant 2015 US$),801.477546958871
203,Indonesia,1973,GDP per capita (constant 2015 US$),766.803085672236
204,Indonesia,1972,GDP per capita (constant 2015 US$),728.029691045783
205,Indonesia,1971,GDP per capita (constant 2015 US$),698.306200407794
206,Indonesia,1970,GDP per capita (constant 2015 US$),670.136033686868
207,Indonesia,1969,GDP per capita (constant 2015 US$),640.172468699244
208,Indonesia,1968,GDP per capita (constant 2015 US$),615.818264739419
209,Indonesia,1967,GDP per capita (constant 2015 US$),570.252999089968
210,Indonesia,1966,GDP per capita (constant 2015 US$),577.151412201598
211,Indonesia,1965,GDP per capita (constant 2015 US$),574.817808143343
212,Indonesia,1964,GDP per capita (constant 2015 US$),582.975650874625
213,Indonesia,1963,GDP per capita (constant 2015 US$),579.016841453841
214,Indonesia,1962,GDP per capita (constant 2015 US$),608.870804081834
215,Indonesia,1961,GDP per capita (constant 2015 US$),614.504129028796
216,Indonesia,1960,GDP per capita (constant 2015 US$),597.147402861471
217,Cambodia,2022,"Inflation, consumer prices (annual %)",5.34370264895435
218,Cambodia,2021,"Inflation, consumer prices (annual %)",2.9207347759295
219,Cambodia,2020,"Inflation, consumer prices (annual %)",2.94029514263973
220,Cambodia,2019,"Inflation, consumer prices (annual %)",1.94257500833109
221,Cambodia,2018,"Inflation, consumer prices (annual %)",2.45908515380133
222,Cambodia,2017,"Inflation, consumer prices (annual %)",2.9126355737148
223,Cambodia,2016,"Inflation, consumer prices (annual %)",3.01913975139129
224,Cambodia,2015,"Inflation, consumer prices (annual %)",1.22393195511127
225,Cambodia,2014,"Inflation, consumer prices (annual %)",3.85568861424195
226,Cambodia,2013,"Inflation, consumer prices (annual %)",2.9416250954735
227,Cambodia,2012,"Inflation, consumer prices (annual %)",2.93431609293959
228,Cambodia,2011,"Inflation, consumer prices (annual %)",5.4784474961745
229,Cambodia,2010,"Inflation, consumer prices (annual %)",3.99639528107212
230,Cambodia,2009,"Inflation, consumer prices (annual %)",-1.24171754189638
231,Cambodia,2008,"Inflation, consumer prices (annual %)",24.0968519306051
232,Cambodia,2007,"Inflation, consumer prices (annual %)",8.70882770568048
233,Cambodia,2006,"Inflation, consumer prices (annual %)",5.81068550464307
234,Cambodia,2005,"Inflation, consumer prices (annual %)",6.61525912001587
235,Cambodia,2004,"Inflation, consumer prices (annual %)",4.31933677434783
236,Cambodia,2003,"Inflation, consumer prices (annual %)",0.941746117799226
237,Cambodia,2002,"Inflation, consumer prices (annual %)",0.211466568022586
238,Cambodia,2001,"Inflation, consumer prices (annual %)",-0.60064830012368
239,Cambodia,2000,"Inflation, consumer prices (annual %)",-0.791992529473574
240,Cambodia,1999,"Inflation, consumer prices (annual %)",4.00820702088783
241,Cambodia,1998,"Inflation, consumer prices (annual %)",14.8065035437762
242,Cambodia,1997,"Inflation, consumer prices (annual %)",7.96021397777458
243,Cambodia,1996,"Inflation, consumer prices (annual %)",7.15086140872797
244,Cambodia,1995,"Inflation, consumer prices (annual %)",-0.798944337811886
245,Cambodia,2022,GDP per capita (constant 2015 US$),1487.72028589059
246,Cambodia,2021,GDP per capita (constant 2015 US$),1429.93702682619
247,Cambodia,2020,GDP per capita (constant 2015 US$),1404.19865501722
248,Cambodia,2019,GDP per capita (constant 2015 US$),1465.96953538762
249,Cambodia,2018,GDP per capita (constant 2015 US$),1384.96802283394
250,Cambodia,2017,GDP per capita (constant 2015 US$),1304.54938903486
251,Cambodia,2016,GDP per capita (constant 2015 US$),1235.32340395796
252,Cambodia,2015,GDP per capita (constant 2015 US$),1170.74281578324
253,Cambodia,2014,GDP per capita (constant 2015 US$),1109.3756527343
254,Cambodia,2013,GDP per capita (constant 2015 US$),1049.99450649809
255,Cambodia,2012,GDP per capita (constant 2015 US$),992.134600394822
256,Cambodia,2011,GDP per capita (constant 2015 US$),938.01767709824
257,Cambodia,2010,GDP per capita (constant 2015 US$),888.912588308966
258,Cambodia,2009,GDP per capita (constant 2015 US$),851.203024271407
259,Cambodia,2008,GDP per capita (constant 2015 US$),863.38697476452
260,Cambodia,2007,GDP per capita (constant 2015 US$),822.754086675081
261,Cambodia,2006,GDP per capita (constant 2015 US$),759.64339497603
262,Cambodia,2005,GDP per capita (constant 2015 US$),697.746758239126
263,Cambodia,2004,GDP per capita (constant 2015 US$),627.008213389039
264,Cambodia,2003,GDP per capita (constant 2015 US$),578.409355448543
265,Cambodia,2002,GDP per capita (constant 2015 US$),542.654742982698
266,Cambodia,2001,GDP per capita (constant 2015 US$),518.384291904527
267,Cambodia,2000,GDP per capita (constant 2015 US$),488.002702289111
268,Cambodia,1999,GDP per capita (constant 2015 US$),451.861450642121
269,Cambodia,1998,GDP per capita (constant 2015 US$),408.822526817759
270,Cambodia,1997,GDP per capita (constant 2015 US$),398.652963161675
271,Cambodia,1996,GDP per capita (constant 2015 US$),391.829016964631
272,Cambodia,1995,GDP per capita (constant 2015 US$),378.922378208996
273,Cambodia,1994,GDP per capita (constant 2015 US$),353.956570048307
274,Cambodia,1993,GDP per capita (constant 2015 US$),563.770282079607
275,Lao PDR,2022,"Inflation, consumer prices (annual %)",22.9562225132054
276,Lao PDR,2021,"Inflation, consumer prices (annual %)",3.75562036658905
277,Lao PDR,2020,"Inflation, consumer prices (annual %)",5.10407262959903
278,Lao PDR,2019,"Inflation, consumer prices (annual %)",3.32255881256934
279,Lao PDR,2018,"Inflation, consumer prices (annual %)",2.04039266890198
280,Lao PDR,2017,"Inflation, consumer prices (annual %)",0.82547860756813
281,Lao PDR,2016,"Inflation, consumer prices (annual %)",1.59691227583204
282,Lao PDR,2015,"Inflation, consumer prices (annual %)",1.27735427102986
283,Lao PDR,2014,"Inflation, consumer prices (annual %)",4.12924306873775
284,Lao PDR,2013,"Inflation, consumer prices (annual %)",6.3714271778294
285,Lao PDR,2012,"Inflation, consumer prices (annual %)",4.25512677832094
286,Lao PDR,2011,"Inflation, consumer prices (annual %)",7.56898856109973
287,Lao PDR,2010,"Inflation, consumer prices (annual %)",5.98254521550086
288,Lao PDR,2009,"Inflation, consumer prices (annual %)",0.14118767498035
289,Lao PDR,2008,"Inflation, consumer prices (annual %)",7.62880887577521
290,Lao PDR,2007,"Inflation, consumer prices (annual %)",4.66197269469704
291,Lao PDR,2006,"Inflation, consumer prices (annual %)",6.54559439052785
292,Lao PDR,2005,"Inflation, consumer prices (annual %)",7.16541759946634
293,Lao PDR,2004,"Inflation, consumer prices (annual %)",10.4622667314208
294,Lao PDR,2003,"Inflation, consumer prices (annual %)",15.4893529233525
295,Lao PDR,2002,"Inflation, consumer prices (annual %)",10.6313446323333
296,Lao PDR,2001,"Inflation, consumer prices (annual %)",7.81180794783469
297,Lao PDR,2000,"Inflation, consumer prices (annual %)",25.0846414281315
298,Lao PDR,1999,"Inflation, consumer prices (annual %)",125.27212839928
299,Lao PDR,1998,"Inflation, consumer prices (annual %)",90.9807345622879
300,Lao PDR,1997,"Inflation, consumer prices (annual %)",27.5088624491449
301,Lao PDR,1996,"Inflation, consumer prices (annual %)",13.0244156963462
302,Lao PDR,1995,"Inflation, consumer prices (annual %)",19.5939189878584
303,Lao PDR,1994,"Inflation, consumer prices (annual %)",6.78448078620232
304,Lao PDR,1993,"Inflation, consumer prices (annual %)",6.26722241519029
305,Lao PDR,1992,"Inflation, consumer prices (annual %)",9.86452966991027
306,Lao PDR,1991,"Inflation, consumer prices (annual %)",13.4415584415586
307,Lao PDR,1990,"Inflation, consumer prices (annual %)",35.642982971227
308,Lao PDR,1989,"Inflation, consumer prices (annual %)",61.3325965106187
309,Lao PDR,2022,GDP per capita (constant 2015 US$),2599.20507886835
310,Lao PDR,2021,GDP per capita (constant 2015 US$),2566.27742235222
311,Lao PDR,2020,GDP per capita (constant 2015 US$),2539.12452453054
312,Lao PDR,2019,GDP per capita (constant 2015 US$),2564.0196538036
313,Lao PDR,2018,GDP per capita (constant 2015 US$),2467.95576150974
314,Lao PDR,2017,GDP per capita (constant 2015 US$),2358.37266397522
315,Lao PDR,2016,GDP per capita (constant 2015 US$),2240.41634657505
316,Lao PDR,2015,GDP per capita (constant 2015 US$),2125.45905698314
317,Lao PDR,2014,GDP per capita (constant 2015 US$),2009.82553356013
318,Lao PDR,2013,GDP per capita (constant 2015 US$),1893.32662705338
319,Lao PDR,2012,GDP per capita (constant 2015 US$),1777.41021331108
320,Lao PDR,2011,GDP per capita (constant 2015 US$),1669.06641495608
321,Lao PDR,2010,GDP per capita (constant 2015 US$),1567.57762793067
322,Lao PDR,2009,GDP per capita (constant 2015 US$),1466.0890868897
323,Lao PDR,2008,GDP per capita (constant 2015 US$),1384.68944105431
324,Lao PDR,2007,GDP per capita (constant 2015 US$),1304.29240356805
325,Lao PDR,2006,GDP per capita (constant 2015 US$),1231.51904135673
326,Lao PDR,2005,GDP per capita (constant 2015 US$),1151.9302518387
327,Lao PDR,2004,GDP per capita (constant 2015 US$),1091.30085775212
328,Lao PDR,2003,GDP per capita (constant 2015 US$),1040.33331842283
329,Lao PDR,2002,GDP per capita (constant 2015 US$),995.341680700784
330,Lao PDR,2001,GDP per capita (constant 2015 US$),954.43039795039
331,Lao PDR,2000,GDP per capita (constant 2015 US$),917.288738350594
332,Lao PDR,1999,GDP per capita (constant 2015 US$),881.754386051151
333,Lao PDR,1998,GDP per capita (constant 2015 US$),836.302324148372
334,Lao PDR,1997,GDP per capita (constant 2015 US$),819.440195910706
335,Lao PDR,1996,GDP per capita (constant 2015 US$),782.956940660853
336,Lao PDR,1995,GDP per capita (constant 2015 US$),749.535407240588
337,Lao PDR,1994,GDP per capita (constant 2015 US$),717.698824983178
338,Lao PDR,1993,GDP per capita (constant 2015 US$),680.929903406131
339,Lao PDR,1992,GDP per capita (constant 2015 US$),660.42244308674
340,Lao PDR,1991,GDP per capita (constant 2015 US$),643.104785386225
341,Lao PDR,1990,GDP per capita (constant 2015 US$),634.159433413378
342,Lao PDR,1989,GDP per capita (constant 2015 US$),611.448911361685
343,Lao PDR,1988,GDP per capita (constant 2015 US$),551.043884132375
344,Lao PDR,1987,GDP per capita (constant 2015 US$),578.717775590969
345,Lao PDR,1986,GDP per capita (constant 2015 US$),604.06879915094
346,Lao PDR,1985,GDP per capita (constant 2015 US$),592.370914489957
347,Lao PDR,1984,GDP per capita (constant 2015 US$),579.531211492734
348,Malaysia,2022,"Inflation, consumer prices (annual %)",3.37869862549938
349,Malaysia,2021,"Inflation, consumer prices (annual %)",2.47710241465444
350,Malaysia,2020,"Inflation, consumer prices (annual %)",-1.13870215393056
351,Malaysia,2019,"Inflation, consumer prices (annual %)",0.662891865764376
352,Malaysia,2018,"Inflation, consumer prices (annual %)",0.884709160571244
353,Malaysia,2017,"Inflation, consumer prices (annual %)",3.8712011577424
354,Malaysia,2016,"Inflation, consumer prices (annual %)",2.09056659525745
355,Malaysia,2015,"Inflation, consumer prices (annual %)",2.10438980238344
356,Malaysia,2014,"Inflation, consumer prices (annual %)",3.14299050879107
357,Malaysia,2013,"Inflation, consumer prices (annual %)",2.10501231233614
358,Malaysia,2012,"Inflation, consumer prices (annual %)",1.66357102479204
359,Malaysia,2011,"Inflation, consumer prices (annual %)",3.17447092151309
360,Malaysia,2010,"Inflation, consumer prices (annual %)",1.62285235577031
361,Malaysia,2009,"Inflation, consumer prices (annual %)",0.583308405623704
362,Malaysia,2008,"Inflation, consumer prices (annual %)",5.44078221100772
363,Malaysia,2007,"Inflation, consumer prices (annual %)",2.02735317779565
364,Malaysia,2006,"Inflation, consumer prices (annual %)",3.6092356422439
365,Malaysia,2005,"Inflation, consumer prices (annual %)",2.97507092684453
366,Malaysia,2004,"Inflation, consumer prices (annual %)",1.421271159374
367,Malaysia,2003,"Inflation, consumer prices (annual %)",1.08967632577284
368,Malaysia,2002,"Inflation, consumer prices (annual %)",1.80787246281537
369,Malaysia,2001,"Inflation, consumer prices (annual %)",1.41678473206102
370,Malaysia,2000,"Inflation, consumer prices (annual %)",1.53474023697698
371,Malaysia,1999,"Inflation, consumer prices (annual %)",2.74456130240608
372,Malaysia,1998,"Inflation, consumer prices (annual %)",5.27034200348766
373,Malaysia,1997,"Inflation, consumer prices (annual %)",2.66251459711942
374,Malaysia,1996,"Inflation, consumer prices (annual %)",3.48855945858916
375,Malaysia,1995,"Inflation, consumer prices (annual %)",3.45057509584896
376,Malaysia,1994,"Inflation, consumer prices (annual %)",3.72497055359286
377,Malaysia,1993,"Inflation, consumer prices (annual %)",3.53658536585388
378,Malaysia,1992,"Inflation, consumer prices (annual %)",4.7672282999282
379,Malaysia,1991,"Inflation, consumer prices (annual %)",4.35833333333302
380,Malaysia,1990,"Inflation, consumer prices (annual %)",2.61780104712051
381,Malaysia,1989,"Inflation, consumer prices (annual %)",2.81320089714805
382,Malaysia,1988,"Inflation, consumer prices (annual %)",2.55651945320742
383,Malaysia,1987,"Inflation, consumer prices (annual %)",0.290007909438398
384,Malaysia,1986,"Inflation, consumer prices (annual %)",0.737002855391949
385,Malaysia,1985,"Inflation, consumer prices (annual %)",0.346458791259879
386,Malaysia,1984,"Inflation, consumer prices (annual %)",3.89727260149767
387,Malaysia,1983,"Inflation, consumer prices (annual %)",3.70423546319373
388,Malaysia,1982,"Inflation, consumer prices (annual %)",5.81890002977831
389,Malaysia,1981,"Inflation, consumer prices (annual %)",9.70000000000016
390,Malaysia,1980,"Inflation, consumer prices (annual %)",6.6749195345051
391,Malaysia,1979,"Inflation, consumer prices (annual %)",3.65446799796413
392,Malaysia,1978,"Inflation, consumer prices (annual %)",4.8600645855425
393,Malaysia,1977,"Inflation, consumer prices (annual %)",4.78822401445964
394,Malaysia,1976,"Inflation, consumer prices (annual %)",2.63371150730572
395,Malaysia,1975,"Inflation, consumer prices (annual %)",4.48772226915908
396,Malaysia,1974,"Inflation, consumer prices (annual %)",17.3289809824411
397,Malaysia,1973,"Inflation, consumer prices (annual %)",10.5601757413101
398,Malaysia,1972,"Inflation, consumer prices (annual %)",3.23155422354877
399,Malaysia,1971,"Inflation, consumer prices (annual %)",1.61303596395806
400,Malaysia,1970,"Inflation, consumer prices (annual %)",1.84393596556384
401,Malaysia,1969,"Inflation, consumer prices (annual %)",-0.409015025294067
402,Malaysia,1968,"Inflation, consumer prices (annual %)",-0.15834652879454
403,Malaysia,1967,"Inflation, consumer prices (annual %)",4.57556214033288
404,Malaysia,1966,"Inflation, consumer prices (annual %)",0.967969025261378
405,Malaysia,1965,"Inflation, consumer prices (annual %)",-0.105485232243793
406,Malaysia,1964,"Inflation, consumer prices (annual %)",-0.402731571003633
407,Malaysia,1963,"Inflation, consumer prices (annual %)",3.10525365608347
408,Malaysia,1962,"Inflation, consumer prices (annual %)",0.108440267848109
409,Malaysia,1961,"Inflation, consumer prices (annual %)",-0.180407721631661
410,Malaysia,1960,"Inflation, consumer prices (annual %)",0.0631825978882036
411,Malaysia,2022,GDP per capita (constant 2015 US$),11371.9701581351
412,Malaysia,2021,GDP per capita (constant 2015 US$),10575.8768707286
413,Malaysia,2020,GDP per capita (constant 2015 US$),10374.1900518885
414,Malaysia,2019,GDP per capita (constant 2015 US$),11114.5427067876
415,Malaysia,2018,GDP per capita (constant 2015 US$),10777.7492376633
416,Malaysia,2017,GDP per capita (constant 2015 US$),10416.0249898264
417,Malaysia,2016,GDP per capita (constant 2015 US$),9984.14766956936
418,Malaysia,2015,GDP per capita (constant 2015 US$),9699.58490873216
419,Malaysia,2014,GDP per capita (constant 2015 US$),9369.08713371092
420,Malaysia,2013,GDP per capita (constant 2015 US$),8976.53121881046
421,Malaysia,2012,GDP per capita (constant 2015 US$),8711.28188426366
422,Malaysia,2011,GDP per capita (constant 2015 US$),8393.94951799415
423,Malaysia,2010,GDP per capita (constant 2015 US$),8101.39412843057
424,Malaysia,2009,GDP per capita (constant 2015 US$),7675.22579459372
425,Malaysia,2008,GDP per capita (constant 2015 US$),7948.93487166413
426,Malaysia,2007,GDP per capita (constant 2015 US$),7742.56560916984
427,Malaysia,2006,GDP per capita (constant 2015 US$),7444.0147978366
428,Malaysia,2005,GDP per capita (constant 2015 US$),7209.60554879634
429,Malaysia,2004,GDP per capita (constant 2015 US$),7004.12651366437
430,Malaysia,2003,GDP per capita (constant 2015 US$),6716.63248705894
431,Malaysia,2002,GDP per capita (constant 2015 US$),6506.10749383425
432,Malaysia,2001,GDP per capita (constant 2015 US$),6330.61810217876
433,Malaysia,2000,GDP per capita (constant 2015 US$),6461.98091059065
434,Malaysia,1999,GDP per capita (constant 2015 US$),6089.09691021546
435,Malaysia,1998,GDP per capita (constant 2015 US$),5883.78760523907
436,Malaysia,1997,GDP per capita (constant 2015 US$),6518.98561396533
437,Malaysia,1996,GDP per capita (constant 2015 US$),6238.63859488162
438,Malaysia,1995,GDP per capita (constant 2015 US$),5826.86150248643
439,Malaysia,1994,GDP per capita (constant 2015 US$),5453.86021122038
440,Malaysia,1993,GDP per capita (constant 2015 US$),5135.02333908617
441,Malaysia,1992,GDP per capita (constant 2015 US$),4804.66587241454
442,Malaysia,1991,GDP per capita (constant 2015 US$),4537.31842608926
443,Malaysia,1990,GDP per capita (constant 2015 US$),4260.27310320354
444,Malaysia,1989,GDP per capita (constant 2015 US$),4022.30346129567
445,Malaysia,1988,GDP per capita (constant 2015 US$),3798.76788038269
446,Malaysia,1987,GDP per capita (constant 2015 US$),3561.31038553167
447,Malaysia,1986,GDP per capita (constant 2015 US$),3488.75565348727
448,Malaysia,1985,GDP per capita (constant 2015 US$),3548.78289567325
449,Malaysia,1984,GDP per capita (constant 2015 US$),3688.49268440986
450,Malaysia,1983,GDP per capita (constant 2015 US$),3517.07701239061
451,Malaysia,1982,GDP per capita (constant 2015 US$),3398.53450304852
452,Malaysia,1981,GDP per capita (constant 2015 US$),3292.17816643034
453,Malaysia,1980,GDP per capita (constant 2015 US$),3159.73749149464
454,Malaysia,1979,GDP per capita (constant 2015 US$),3018.70317975196
455,Malaysia,1978,GDP per capita (constant 2015 US$),2833.48228751885
456,Malaysia,1977,GDP per capita (constant 2015 US$),2727.36420030743
457,Malaysia,1976,GDP per capita (constant 2015 US$),2596.75979443196
458,Malaysia,1975,GDP per capita (constant 2015 US$),2386.13500376091
459,Malaysia,1974,GDP per capita (constant 2015 US$),2426.22224077909
460,Malaysia,1973,GDP per capita (constant 2015 US$),2295.07171176234
461,Malaysia,1972,GDP per capita (constant 2015 US$),2104.31014542344
462,Malaysia,1971,GDP per capita (constant 2015 US$),1969.10759931483
463,Malaysia,1970,GDP per capita (constant 2015 US$),1832.25578721056
464,Malaysia,1969,GDP per capita (constant 2015 US$),1770.82752648709
465,Malaysia,1968,GDP per capita (constant 2015 US$),1729.61559712222
466,Malaysia,1967,GDP per capita (constant 2015 US$),1641.81266670299
467,Malaysia,1966,GDP per capita (constant 2015 US$),1621.76993334049
468,Malaysia,1965,GDP per capita (constant 2015 US$),1545.4280078854
469,Malaysia,1964,GDP per capita (constant 2015 US$),1476.57162417745
470,Malaysia,1963,GDP per capita (constant 2015 US$),1443.37994434069
471,Malaysia,1962,GDP per capita (constant 2015 US$),1385.90945206618
472,Malaysia,1961,GDP per capita (constant 2015 US$),1342.51393529193
473,Malaysia,1960,GDP per capita (constant 2015 US$),1286.10133560254
474,Philippines,2022,"Inflation, consumer prices (annual %)",5.82115811213952
475,Philippines,2021,"Inflation, consumer prices (annual %)",3.92718022100326
476,Philippines,2020,"Inflation, consumer prices (annual %)",2.39316239316241
477,Philippines,2019,"Inflation, consumer prices (annual %)",2.39206534422402
478,Philippines,2018,"Inflation, consumer prices (annual %)",5.30934661627714
479,Philippines,2017,"Inflation, consumer prices (annual %)",2.85318772590939
480,Philippines,2016,"Inflation, consumer prices (annual %)",1.25369880080986
481,Philippines,2015,"Inflation, consumer prices (annual %)",0.674192536845387
482,Philippines,2014,"Inflation, consumer prices (annual %)",3.5978234386421
483,Philippines,2013,"Inflation, consumer prices (annual %)",2.58268766141797
484,Philippines,2012,"Inflation, consumer prices (annual %)",3.02696391124798
485,Philippines,2011,"Inflation, consumer prices (annual %)",4.71841704718416
486,Philippines,2010,"Inflation, consumer prices (annual %)",3.7898363479759
487,Philippines,2009,"Inflation, consumer prices (annual %)",4.21903052064627
488,Philippines,2008,"Inflation, consumer prices (annual %)",8.26044703595726
489,Philippines,2007,"Inflation, consumer prices (annual %)",2.90000000000002
490,Philippines,2006,"Inflation, consumer prices (annual %)",5.48523206751051
491,Philippines,2005,"Inflation, consumer prices (annual %)",6.51685393258435
492,Philippines,2004,"Inflation, consumer prices (annual %)",4.82921083627794
493,Philippines,2003,"Inflation, consumer prices (annual %)",2.28915662650606
494,Philippines,2002,"Inflation, consumer prices (annual %)",2.72277227722767
495,Philippines,2001,"Inflation, consumer prices (annual %)",5.3455019556714
496,Philippines,2000,"Inflation, consumer prices (annual %)",3.97712503249282
497,Philippines,1999,"Inflation, consumer prices (annual %)",5.93904901780807
498,Philippines,1998,"Inflation, consumer prices (annual %)",9.2349343226712
499,Philippines,1997,"Inflation, consumer prices (annual %)",5.59025939650602
500,Philippines,1996,"Inflation, consumer prices (annual %)",7.47610377787908
501,Philippines,1995,"Inflation, consumer prices (annual %)",6.83199610989531
502,Philippines,1994,"Inflation, consumer prices (annual %)",10.3864734299518
503,Philippines,1993,"Inflation, consumer prices (annual %)",6.71631104109973
504,Philippines,1992,"Inflation, consumer prices (annual %)",8.65100357865264
505,Philippines,1991,"Inflation, consumer prices (annual %)",19.2614585266282
506,Philippines,1990,"Inflation, consumer prices (annual %)",12.1773522064946
507,Philippines,1989,"Inflation, consumer prices (annual %)",12.2429906542055
508,Philippines,1988,"Inflation, consumer prices (annual %)",13.8600691673318
509,Philippines,1987,"Inflation, consumer prices (annual %)",4.06976744186029
510,Philippines,1986,"Inflation, consumer prices (annual %)",1.14813777653333
511,Philippines,1985,"Inflation, consumer prices (annual %)",23.1031071803888
512,Philippines,1984,"Inflation, consumer prices (annual %)",50.3389756374499
513,Philippines,1983,"Inflation, consumer prices (annual %)",10.0293565620481
514,Philippines,1982,"Inflation, consumer prices (annual %)",10.2217271376891
515,Philippines,1981,"Inflation, consumer prices (annual %)",13.0825985241676
516,Philippines,1980,"Inflation, consumer prices (annual %)",18.2005104938509
517,Philippines,1979,"Inflation, consumer prices (annual %)",17.5333333327501
518,Philippines,1978,"Inflation, consumer prices (annual %)",7.33452593917692
519,Philippines,1977,"Inflation, consumer prices (annual %)",9.89875159736565
520,Philippines,1976,"Inflation, consumer prices (annual %)",9.19922713611011
521,Philippines,1975,"Inflation, consumer prices (annual %)",6.76140270456079
522,Philippines,1974,"Inflation, consumer prices (annual %)",34.1635916359165
523,Philippines,1973,"Inflation, consumer prices (annual %)",16.5800322638464
524,Philippines,1972,"Inflation, consumer prices (annual %)",8.20403413498833
525,Philippines,1971,"Inflation, consumer prices (annual %)",21.4033435366143
526,Philippines,1970,"Inflation, consumer prices (annual %)",14.3814616757328
527,Philippines,1969,"Inflation, consumer prices (annual %)",1.95551032285385
528,Philippines,1968,"Inflation, consumer prices (annual %)",2.35880645890594
529,Philippines,1967,"Inflation, consumer prices (annual %)",6.25395319397735
530,Philippines,1966,"Inflation, consumer prices (annual %)",5.39999999968083
531,Philippines,1965,"Inflation, consumer prices (annual %)",2.56410256428441
532,Philippines,1964,"Inflation, consumer prices (annual %)",8.18307905700338
533,Philippines,1963,"Inflation, consumer prices (annual %)",5.62554937008816
534,Philippines,1962,"Inflation, consumer prices (annual %)",5.79665220101376
535,Philippines,1961,"Inflation, consumer prices (annual %)",1.59563300452722
536,Philippines,1960,"Inflation, consumer prices (annual %)",4.1548217798216
537,Philippines,2022,GDP per capita (constant 2015 US$),3527.98115676127
538,Philippines,2021,GDP per capita (constant 2015 US$),3328.0423592686
539,Philippines,2020,GDP per capita (constant 2015 US$),3195.53888662755
540,Philippines,2019,GDP per capita (constant 2015 US$),3589.6136409773
541,Philippines,2018,GDP per capita (constant 2015 US$),3439.1005276189
542,Philippines,2017,GDP per capita (constant 2015 US$),3289.47227216562
543,Philippines,2016,GDP per capita (constant 2015 US$),3130.91064471274
544,Philippines,2015,GDP per capita (constant 2015 US$),2974.29692047629
545,Philippines,2014,GDP per capita (constant 2015 US$),2843.84360745638
546,Philippines,2013,GDP per capita (constant 2015 US$),2717.67977988136
547,Philippines,2012,GDP per capita (constant 2015 US$),2589.13440056441
548,Philippines,2011,GDP per capita (constant 2015 US$),2464.68435056177
549,Philippines,2010,GDP per capita (constant 2015 US$),2415.7835781184
550,Philippines,2009,GDP per capita (constant 2015 US$),2291.62276240906
551,Philippines,2008,GDP per capita (constant 2015 US$),2300.85610794326
552,Philippines,2007,GDP per capita (constant 2015 US$),2246.6898901046
553,Philippines,2006,GDP per capita (constant 2015 US$),2149.00626997811
554,Philippines,2005,GDP per capita (constant 2015 US$),2079.33183165798
555,Philippines,2004,GDP per capita (constant 2015 US$),2020.12970274125
556,Philippines,2003,GDP per capita (constant 2015 US$),1933.64798204341
557,Philippines,2002,GDP per capita (constant 2015 US$),1877.5616552606
558,Philippines,2001,GDP per capita (constant 2015 US$),1848.01494039448
559,Philippines,2000,GDP per capita (constant 2015 US$),1831.69920990202
560,Philippines,1999,GDP per capita (constant 2015 US$),1794.12979313758
561,Philippines,1998,GDP per capita (constant 2015 US$),1776.98454429449
562,Philippines,1997,GDP per capita (constant 2015 US$),1829.71862243648
563,Philippines,1996,GDP per capita (constant 2015 US$),1782.99444317067
564,Philippines,1995,GDP per capita (constant 2015 US$),1725.50238293059
565,Philippines,1994,GDP per capita (constant 2015 US$),1688.23248597413
566,Philippines,1993,GDP per capita (constant 2015 US$),1655.84268183623
567,Philippines,1992,GDP per capita (constant 2015 US$),1659.14491959379
568,Philippines,1991,GDP per capita (constant 2015 US$),1691.65793313521
569,Philippines,1990,GDP per capita (constant 2015 US$),1739.94518885721
570,Philippines,1989,GDP per capita (constant 2015 US$),1728.0994087964
571,Philippines,1988,GDP per capita (constant 2015 US$),1665.44515237516
572,Philippines,1987,GDP per capita (constant 2015 US$),1597.36206657256
573,Philippines,1986,GDP per capita (constant 2015 US$),1566.20802011364
574,Philippines,1985,GDP per capita (constant 2015 US$),1548.89651058939
575,Philippines,1984,GDP per capita (constant 2015 US$),1703.27307985
576,Philippines,1983,GDP per capita (constant 2015 US$),1877.70002380235
577,Philippines,1982,GDP per capita (constant 2015 US$),1889.09121105793
578,Philippines,1981,GDP per capita (constant 2015 US$),1867.89068313045
579,Philippines,1980,GDP per capita (constant 2015 US$),1853.07358096043
580,Philippines,1979,GDP per capita (constant 2015 US$),1808.73118380986
581,Philippines,1978,GDP per capita (constant 2015 US$),1760.045711842
582,Philippines,1977,GDP per capita (constant 2015 US$),1719.79667580407
583,Philippines,1976,GDP per capita (constant 2015 US$),1673.09191331453
584,Philippines,1975,GDP per capita (constant 2015 US$),1577.25381398012
585,Philippines,1974,GDP per capita (constant 2015 US$),1532.08002743978
586,Philippines,1973,GDP per capita (constant 2015 US$),1517.79470172014
587,Philippines,1972,GDP per capita (constant 2015 US$),1430.44307328329
588,Philippines,1971,GDP per capita (constant 2015 US$),1391.75064765388
589,Philippines,1970,GDP per capita (constant 2015 US$),1355.37220311443
590,Philippines,1969,GDP per capita (constant 2015 US$),1341.45089710105
591,Philippines,1968,GDP per capita (constant 2015 US$),1314.96657395515
592,Philippines,1967,GDP per capita (constant 2015 US$),1285.45880988344
593,Philippines,1966,GDP per capita (constant 2015 US$),1254.71563994955
594,Philippines,1965,GDP per capita (constant 2015 US$),1234.29100388479
595,Philippines,1964,GDP per capita (constant 2015 US$),1204.29674411866
596,Philippines,1963,GDP per capita (constant 2015 US$),1197.41800738581
597,Philippines,1962,GDP per capita (constant 2015 US$),1150.70595584325
598,Philippines,1961,GDP per capita (constant 2015 US$),1129.06968166888
599,Philippines,1960,GDP per capita (constant 2015 US$),1100.31089823994
600,Singapore,2022,"Inflation, consumer prices (annual %)",6.12106004039414
601,Singapore,2021,"Inflation, consumer prices (annual %)",2.30485959040487
602,Singapore,2020,"Inflation, consumer prices (annual %)",-0.181916666666656
603,Singapore,2019,"Inflation, consumer prices (annual %)",0.565260568780358
604,Singapore,2018,"Inflation, consumer prices (annual %)",0.438620118446782
605,Singapore,2017,"Inflation, consumer prices (annual %)",0.576260310166371
606,Singapore,2016,"Inflation, consumer prices (annual %)",-0.53226873971629
607,Singapore,2015,"Inflation, consumer prices (annual %)",-0.522618167075314
608,Singapore,2014,"Inflation, consumer prices (annual %)",1.02514803039394
609,Singapore,2013,"Inflation, consumer prices (annual %)",2.35860415399836
610,Singapore,2012,"Inflation, consumer prices (annual %)",4.57560270376522
611,Singapore,2011,"Inflation, consumer prices (annual %)",5.2477933984048
612,Singapore,2010,"Inflation, consumer prices (annual %)",2.82366134885609
613,Singapore,2009,"Inflation, consumer prices (annual %)",0.596720257424972
614,Singapore,2008,"Inflation, consumer prices (annual %)",6.62778177352127
615,Singapore,2007,"Inflation, consumer prices (annual %)",2.10488003633213
616,Singapore,2006,"Inflation, consumer prices (annual %)",0.962901778165128
617,Singapore,2005,"Inflation, consumer prices (annual %)",0.425106276569101
618,Singapore,2004,"Inflation, consumer prices (annual %)",1.66272719863073
619,Singapore,2003,"Inflation, consumer prices (annual %)",0.507905300237539
620,Singapore,2002,"Inflation, consumer prices (annual %)",-0.391676866585079
621,Singapore,2001,"Inflation, consumer prices (annual %)",0.997197956155967
622,Singapore,2000,"Inflation, consumer prices (annual %)",1.36162392448455
623,Singapore,1999,"Inflation, consumer prices (annual %)",0.0167098337370759
624,Singapore,1998,"Inflation, consumer prices (annual %)",-0.267502292876127
625,Singapore,1997,"Inflation, consumer prices (annual %)",2.00358618538958
626,Singapore,1996,"Inflation, consumer prices (annual %)",1.38318052481878
627,Singapore,1995,"Inflation, consumer prices (annual %)",1.72053384788524
628,Singapore,1994,"Inflation, consumer prices (annual %)",3.10013262599503
629,Singapore,1993,"Inflation, consumer prices (annual %)",2.28929964388642
630,Singapore,1992,"Inflation, consumer prices (annual %)",2.26307118702849
631,Singapore,1991,"Inflation, consumer prices (annual %)",3.42570173078644
632,Singapore,1990,"Inflation, consumer prices (annual %)",3.46075338652821
633,Singapore,1989,"Inflation, consumer prices (annual %)",2.34545627195899
634,Singapore,1988,"Inflation, consumer prices (annual %)",1.5231851923263
635,Singapore,1987,"Inflation, consumer prices (annual %)",0.523306521949805
636,Singapore,1986,"Inflation, consumer prices (annual %)",-1.38570336391444
637,Singapore,1985,"Inflation, consumer prices (annual %)",0.480122911465352
638,Singapore,1984,"Inflation, consumer prices (annual %)",2.60098522167485
639,Singapore,1983,"Inflation, consumer prices (annual %)",1.19641076769694
640,Singapore,1982,"Inflation, consumer prices (annual %)",3.91628677994199
641,Singapore,1981,"Inflation, consumer prices (annual %)",8.18202196816848
642,Singapore,1980,"Inflation, consumer prices (annual %)",8.52694319425859
643,Singapore,1979,"Inflation, consumer prices (annual %)",4.07646537536399
644,Singapore,1978,"Inflation, consumer prices (annual %)",4.87254381306425
645,Singapore,1977,"Inflation, consumer prices (annual %)",3.16395014381584
646,Singapore,1976,"Inflation, consumer prices (annual %)",-1.84189298198423
647,Singapore,1975,"Inflation, consumer prices (annual %)",2.53653156878949
648,Singapore,1974,"Inflation, consumer prices (annual %)",22.3684210526315
649,Singapore,1973,"Inflation, consumer prices (annual %)",19.6367305751765
650,Singapore,1972,"Inflation, consumer prices (annual %)",2.08075813761878
651,Singapore,1971,"Inflation, consumer prices (annual %)",1.76100628930819
652,Singapore,1970,"Inflation, consumer prices (annual %)",0.463352990732644
653,Singapore,1969,"Inflation, consumer prices (annual %)",-0.273051879856958
654,Singapore,1968,"Inflation, consumer prices (annual %)",0.655391120507384
655,Singapore,1967,"Inflation, consumer prices (annual %)",3.34280096132818
656,Singapore,1966,"Inflation, consumer prices (annual %)",2.00579451749493
657,Singapore,1965,"Inflation, consumer prices (annual %)",0.178611297164591
658,Singapore,1964,"Inflation, consumer prices (annual %)",1.72609584374286
659,Singapore,1963,"Inflation, consumer prices (annual %)",2.20519962859834
660,Singapore,1962,"Inflation, consumer prices (annual %)",0.419580419580255
661,Singapore,1961,"Inflation, consumer prices (annual %)",0.400000000000126
662,Singapore,2022,GDP per capita (constant 2015 US$),67359.7898784862
663,Singapore,2021,GDP per capita (constant 2015 US$),67175.8639994972
664,Singapore,2020,GDP per capita (constant 2015 US$),59175.8110412137
665,Singapore,2019,GDP per capita (constant 2015 US$),61386.2361505887
666,Singapore,2018,GDP per capita (constant 2015 US$),61276.9465931259
667,Singapore,2017,GDP per capita (constant 2015 US$),59440.199713909
668,Singapore,2016,GDP per capita (constant 2015 US$),56906.6325840043
669,Singapore,2015,GDP per capita (constant 2015 US$),55645.6068614606
670,Singapore,2014,GDP per capita (constant 2015 US$),54681.9336458253
671,Singapore,2013,GDP per capita (constant 2015 US$),53298.9728558286
672,Singapore,2012,GDP per capita (constant 2015 US$),51679.352717333
673,Singapore,2011,GDP per capita (constant 2015 US$),50713.5326393594
674,Singapore,2010,GDP per capita (constant 2015 US$),48752.0515441859
675,Singapore,2009,GDP per capita (constant 2015 US$),43331.8746638962
676,Singapore,2008,GDP per capita (constant 2015 US$),44601.5799302699
677,Singapore,2007,GDP per capita (constant 2015 US$),46178.8139470199
678,Singapore,2006,GDP per capita (constant 2015 US$),44159.4101820552
679,Singapore,2005,GDP per capita (constant 2015 US$),41798.4880834671
680,Singapore,2004,GDP per capita (constant 2015 US$),39856.6356222613
681,Singapore,2003,GDP per capita (constant 2015 US$),36709.7965038255
682,Singapore,2002,GDP per capita (constant 2015 US$),34598.8267483781
683,Singapore,2001,GDP per capita (constant 2015 US$),33597.8690808226
684,Singapore,2000,GDP per capita (constant 2015 US$),34890.0811365168
685,Singapore,1999,GDP per capita (constant 2015 US$),32557.0469904063
686,Singapore,1998,GDP per capita (constant 2015 US$),31043.108180076
687,Singapore,1997,GDP per capita (constant 2015 US$),32835.2518506082
688,Singapore,1996,GDP per capita (constant 2015 US$),31349.3171805131
689,Singapore,1995,GDP per capita (constant 2015 US$),30379.8991144598
690,Singapore,1994,GDP per capita (constant 2015 US$),29220.2727915476
691,Singapore,1993,GDP per capita (constant 2015 US$),27139.9524278985
692,Singapore,1992,GDP per capita (constant 2015 US$),24973.4311358112
693,Singapore,1991,GDP per capita (constant 2015 US$),24132.7153290621
694,Singapore,1990,GDP per capita (constant 2015 US$),23272.7000932159
695,Singapore,1989,GDP per capita (constant 2015 US$),22031.8971300219
696,Singapore,1988,GDP per capita (constant 2015 US$),20595.9751389187
697,Singapore,1987,GDP per capita (constant 2015 US$),18986.7527003627
698,Singapore,1986,GDP per capita (constant 2015 US$),17396.0281363675
699,Singapore,1985,GDP per capita (constant 2015 US$),17149.31550146
700,Singapore,1984,GDP per capita (constant 2015 US$),17280.3703822303
701,Singapore,1983,GDP per capita (constant 2015 US$),16186.9145138401
702,Singapore,1982,GDP per capita (constant 2015 US$),15106.2507664821
703,Singapore,1981,GDP per capita (constant 2015 US$),14737.3005854209
704,Singapore,1980,GDP per capita (constant 2015 US$),13953.890170834
705,Singapore,1979,GDP per capita (constant 2015 US$),12834.1600895857
706,Singapore,1978,GDP per capita (constant 2015 US$),11863.6939677002
707,Singapore,1977,GDP per capita (constant 2015 US$),11141.5797970038
708,Singapore,1976,GDP per capita (constant 2015 US$),10572.5669041736
709,Singapore,1975,GDP per capita (constant 2015 US$),9974.22091805681
710,Singapore,1974,GDP per capita (constant 2015 US$),9732.7270627095
711,Singapore,1973,GDP per capita (constant 2015 US$),9325.56611338064
712,Singapore,1972,GDP per capita (constant 2015 US$),8590.60864812538
713,Singapore,1971,GDP per capita (constant 2015 US$),7722.8645117911
714,Singapore,1970,GDP per capita (constant 2015 US$),6997.19902931212
715,Singapore,1969,GDP per capita (constant 2015 US$),6237.25093664419
716,Singapore,1968,GDP per capita (constant 2015 US$),5562.32007695611
717,Singapore,1967,GDP per capita (constant 2015 US$),4984.78417700352
718,Singapore,1966,GDP per capita (constant 2015 US$),4529.52603020969
719,Singapore,1965,GDP per capita (constant 2015 US$),4214.50928654512
720,Singapore,1964,GDP per capita (constant 2015 US$),4004.45879353131
721,Singapore,1963,GDP per capita (constant 2015 US$),4239.9926615122
722,Singapore,1962,GDP per capita (constant 2015 US$),3951.76046995379
723,Singapore,1961,GDP per capita (constant 2015 US$),3777.39463491526
724,Singapore,1960,GDP per capita (constant 2015 US$),3611.95365142064
725,Thailand,2022,"Inflation, consumer prices (annual %)",6.07741228434321
726,Thailand,2021,"Inflation, consumer prices (annual %)",1.23039541318382
727,Thailand,2020,"Inflation, consumer prices (annual %)",-0.845937147357037
728,Thailand,2019,"Inflation, consumer prices (annual %)",0.70672860131428
729,Thailand,2018,"Inflation, consumer prices (annual %)",1.06389754183022
730,Thailand,2017,"Inflation, consumer prices (annual %)",0.66563189313507
731,Thailand,2016,"Inflation, consumer prices (annual %)",0.188149704448173
732,Thailand,2015,"Inflation, consumer prices (annual %)",-0.900424963291544
733,Thailand,2014,"Inflation, consumer prices (annual %)",1.89514181898783
734,Thailand,2013,"Inflation, consumer prices (annual %)",2.18488618530682
735,Thailand,2012,"Inflation, consumer prices (annual %)",3.01489950334988
736,Thailand,2011,"Inflation, consumer prices (annual %)",3.80879058139634
737,Thailand,2010,"Inflation, consumer prices (annual %)",3.24758842443727
738,Thailand,2009,"Inflation, consumer prices (annual %)",-0.845716092316723
739,Thailand,2008,"Inflation, consumer prices (annual %)",5.46848949649844
740,Thailand,2007,"Inflation, consumer prices (annual %)",2.24154095286803
741,Thailand,2006,"Inflation, consumer prices (annual %)",4.63747436011765
742,Thailand,2005,"Inflation, consumer prices (annual %)",4.54036919634533
743,Thailand,2004,"Inflation, consumer prices (annual %)",2.75914926231081
744,Thailand,2003,"Inflation, consumer prices (annual %)",1.80434994635721
745,Thailand,2002,"Inflation, consumer prices (annual %)",0.697308976625456
746,Thailand,2001,"Inflation, consumer prices (annual %)",1.62690887314089
747,Thailand,2000,"Inflation, consumer prices (annual %)",1.59196917460974
748,Thailand,1999,"Inflation, consumer prices (annual %)",0.28472645922304
749,Thailand,1998,"Inflation, consumer prices (annual %)",7.99472875027459
750,Thailand,1997,"Inflation, consumer prices (annual %)",5.62579747129104
751,Thailand,1996,"Inflation, consumer prices (annual %)",5.80510554737347
752,Thailand,1995,"Inflation, consumer prices (annual %)",5.81818181818193
753,Thailand,1994,"Inflation, consumer prices (annual %)",5.04774897680756
754,Thailand,1993,"Inflation, consumer prices (annual %)",3.31219168428469
755,Thailand,1992,"Inflation, consumer prices (annual %)",4.13914575077055
756,Thailand,1991,"Inflation, consumer prices (annual %)",5.70985259891396
757,Thailand,1990,"Inflation, consumer prices (annual %)",5.86399474375829
758,Thailand,1989,"Inflation, consumer prices (annual %)",5.35546507986217
759,Thailand,1988,"Inflation, consumer prices (annual %)",3.86273074733655
760,Thailand,1987,"Inflation, consumer prices (annual %)",2.46646112823951
761,Thailand,1986,"Inflation, consumer prices (annual %)",1.84167596806049
762,Thailand,1985,"Inflation, consumer prices (annual %)",2.43173123433474
763,Thailand,1984,"Inflation, consumer prices (annual %)",0.864898430279284
764,Thailand,1983,"Inflation, consumer prices (annual %)",3.7265366212408
765,Thailand,1982,"Inflation, consumer prices (annual %)",5.25907990316825
766,Thailand,1981,"Inflation, consumer prices (annual %)",12.6629930710216
767,Thailand,1980,"Inflation, consumer prices (annual %)",19.703500522778
768,Thailand,1979,"Inflation, consumer prices (annual %)",9.89736596559925
769,Thailand,1978,"Inflation, consumer prices (annual %)",7.92408985303786
770,Thailand,1977,"Inflation, consumer prices (annual %)",7.60126687769027
771,Thailand,1976,"Inflation, consumer prices (annual %)",4.14930555494794
772,Thailand,1975,"Inflation, consumer prices (annual %)",5.33009708749864
773,Thailand,1974,"Inflation, consumer prices (annual %)",24.3135598335014
774,Thailand,1973,"Inflation, consumer prices (annual %)",15.5095497002705
775,Thailand,1972,"Inflation, consumer prices (annual %)",4.83776673497442
776,Thailand,1971,"Inflation, consumer prices (annual %)",0.484652665370736
777,Thailand,1970,"Inflation, consumer prices (annual %)",-0.0880410855462499
778,Thailand,1969,"Inflation, consumer prices (annual %)",2.45039085983106
779,Thailand,1968,"Inflation, consumer prices (annual %)",1.79035960223016
780,Thailand,1967,"Inflation, consumer prices (annual %)",4.30965682357134
781,Thailand,1966,"Inflation, consumer prices (annual %)",4.03520425067443
782,Thailand,1965,"Inflation, consumer prices (annual %)",0.166333998420158
783,Thailand,1964,"Inflation, consumer prices (annual %)",-0.792079207921096
784,Thailand,1962,"Inflation, consumer prices (annual %)",3.69609856262892
785,Thailand,1961,"Inflation, consumer prices (annual %)",7.3869900771771
786,Thailand,1960,"Inflation, consumer prices (annual %)",-0.765864332603765
787,Thailand,2022,GDP per capita (constant 2015 US$),6278.17338413832
788,Thailand,2021,GDP per capita (constant 2015 US$),6127.58989266468
789,Thailand,2020,GDP per capita (constant 2015 US$),6048.10032833752
790,Thailand,2019,GDP per capita (constant 2015 US$),6453.89414317878
791,Thailand,2018,GDP per capita (constant 2015 US$),6336.2397390944
792,Thailand,2017,GDP per capita (constant 2015 US$),6099.19808571594
793,Thailand,2016,GDP per capita (constant 2015 US$),5878.75399676216
794,Thailand,2015,GDP per capita (constant 2015 US$),5708.79414662172
795,Thailand,2014,GDP per capita (constant 2015 US$),5561.69767055687
796,Thailand,2013,GDP per capita (constant 2015 US$),5537.7423759445
797,Thailand,2012,GDP per capita (constant 2015 US$),5425.68522658785
798,Thailand,2011,GDP per capita (constant 2015 US$),5091.95806573121
799,Thailand,2010,GDP per capita (constant 2015 US$),5082.25364279003
800,Thailand,2009,GDP per capita (constant 2015 US$),4758.93360132392
801,Thailand,2008,GDP per capita (constant 2015 US$),4826.5772078135
802,Thailand,2007,GDP per capita (constant 2015 US$),4780.3034324566
803,Thailand,2006,GDP per capita (constant 2015 US$),4568.55646423188
804,Thailand,2005,GDP per capita (constant 2015 US$),4385.28084906966
805,Thailand,2004,GDP per capita (constant 2015 US$),4241.90201424076
806,Thailand,2003,GDP per capita (constant 2015 US$),4023.81323478512
807,Thailand,2002,GDP per capita (constant 2015 US$),3786.33814799966
808,Thailand,2001,GDP per capita (constant 2015 US$),3599.09590737255
809,Thailand,2000,GDP per capita (constant 2015 US$),3511.44039480553
810,Thailand,1999,GDP per capita (constant 2015 US$),3395.2608559527
811,Thailand,1998,GDP per capita (constant 2015 US$),3283.48068286355
812,Thailand,1997,GDP per capita (constant 2015 US$),3598.93111959537
813,Thailand,1996,GDP per capita (constant 2015 US$),3748.65644107232
814,Thailand,1995,GDP per capita (constant 2015 US$),3595.06461713728
815,Thailand,1994,GDP per capita (constant 2015 US$),3371.28585801347
816,Thailand,1993,GDP per capita (constant 2015 US$),3166.70418495998
817,Thailand,1992,GDP per capita (constant 2015 US$),2968.31511719938
818,Thailand,1991,GDP per capita (constant 2015 US$),2787.39955257532
819,Thailand,1990,GDP per capita (constant 2015 US$),2608.16838852377
820,Thailand,1989,GDP per capita (constant 2015 US$),2385.22784339178
821,Thailand,1988,GDP per capita (constant 2015 US$),2162.39541329645
822,Thailand,1987,GDP per capita (constant 2015 US$),1942.64811184577
823,Thailand,1986,GDP per capita (constant 2015 US$),1806.050437968
824,Thailand,1985,GDP per capita (constant 2015 US$),1743.38440862803
825,Thailand,1984,GDP per capita (constant 2015 US$),1698.12381341108
826,Thailand,1983,GDP per capita (constant 2015 US$),1637.62974680722
827,Thailand,1982,GDP per capita (constant 2015 US$),1582.5654782423
828,Thailand,1981,GDP per capita (constant 2015 US$),1533.44543590648
829,Thailand,1980,GDP per capita (constant 2015 US$),1479.24459668132
830,Thailand,1979,GDP per capita (constant 2015 US$),1437.20049961262
831,Thailand,1978,GDP per capita (constant 2015 US$),1393.61679689396
832,Thailand,1977,GDP per capita (constant 2015 US$),1291.92496719628
833,Thailand,1976,GDP per capita (constant 2015 US$),1203.15709905804
834,Thailand,1975,GDP per capita (constant 2015 US$),1126.70740753029
835,Thailand,1974,GDP per capita (constant 2015 US$),1100.45976310052
836,Thailand,1973,GDP per capita (constant 2015 US$),1081.2665687896
837,Thailand,1972,GDP per capita (constant 2015 US$),1007.78916452539
838,Thailand,1971,GDP per capita (constant 2015 US$),993.389026601914
839,Thailand,1970,GDP per capita (constant 2015 US$),973.918335224162
840,Thailand,1969,GDP per capita (constant 2015 US$),899.424624572511
841,Thailand,1968,GDP per capita (constant 2015 US$),868.603681348625
842,Thailand,1967,GDP per capita (constant 2015 US$),827.033870233813
843,Thailand,1966,GDP per capita (constant 2015 US$),784.250032408459
844,Thailand,1965,GDP per capita (constant 2015 US$),727.273594971088
845,Thailand,1964,GDP per capita (constant 2015 US$),693.027666087438
846,Thailand,1963,GDP per capita (constant 2015 US$),668.755345552345
847,Thailand,1962,GDP per capita (constant 2015 US$),638.336671072843
848,Thailand,1961,GDP per capita (constant 2015 US$),611.744887185162
849,Thailand,1960,GDP per capita (constant 2015 US$),598.149653168813
850,Timor-Leste,2019,"Inflation, consumer prices (annual %)",0.958812739703201
851,Timor-Leste,2018,"Inflation, consumer prices (annual %)",2.29424307036244
852,Timor-Leste,2017,"Inflation, consumer prices (annual %)",0.522976680384116
853,Timor-Leste,2016,"Inflation, consumer prices (annual %)",-1.46984287886469
854,Timor-Leste,2015,"Inflation, consumer prices (annual %)",0.646148614181263
855,Timor-Leste,2014,"Inflation, consumer prices (annual %)",0.848838206293416
856,Timor-Leste,2013,"Inflation, consumer prices (annual %)",10.9872344156475
857,Timor-Leste,2012,"Inflation, consumer prices (annual %)",11.8003096701543
858,Timor-Leste,2011,"Inflation, consumer prices (annual %)",13.4998402385771
859,Timor-Leste,2010,"Inflation, consumer prices (annual %)",6.76597680236482
860,Timor-Leste,2009,"Inflation, consumer prices (annual %)",0.669681185965451
861,Timor-Leste,2008,"Inflation, consumer prices (annual %)",9.0642362194894
862,Timor-Leste,2007,"Inflation, consumer prices (annual %)",10.3009020174895
863,Timor-Leste,2006,"Inflation, consumer prices (annual %)",3.93616259929866
864,Timor-Leste,2005,"Inflation, consumer prices (annual %)",1.11167400387197
865,Timor-Leste,2004,"Inflation, consumer prices (annual %)",3.23751394003323
866,Timor-Leste,2003,"Inflation, consumer prices (annual %)",7.16515891441838
867,Timor-Leste,2022,GDP per capita (constant 2015 US$),1674.71686920223
868,Timor-Leste,2021,GDP per capita (constant 2015 US$),2061.01890109638
869,Timor-Leste,2020,GDP per capita (constant 2015 US$),1988.98252518897
870,Timor-Leste,2019,GDP per capita (constant 2015 US$),1530.811079542
871,Timor-Leste,2018,GDP per capita (constant 2015 US$),1257.64677949344
872,Timor-Leste,2017,GDP per capita (constant 2015 US$),1285.34468525911
873,Timor-Leste,2016,GDP per capita (constant 2015 US$),1346.10366532444
874,Timor-Leste,2015,GDP per capita (constant 2015 US$),1322.30088745104
875,Timor-Leste,2014,GDP per capita (constant 2015 US$),1309.53318424493
876,Timor-Leste,2013,GDP per capita (constant 2015 US$),1278.59507888508
877,Timor-Leste,2012,GDP per capita (constant 2015 US$),1266.14485113299
878,Timor-Leste,2011,GDP per capita (constant 2015 US$),1234.27559430174
879,Timor-Leste,2010,GDP per capita (constant 2015 US$),1191.1030722367
880,Timor-Leste,2009,GDP per capita (constant 2015 US$),1112.92361208905
881,Timor-Leste,2008,GDP per capita (constant 2015 US$),1032.18397554471
882,Timor-Leste,2007,GDP per capita (constant 2015 US$),948.192045004817
883,Timor-Leste,2006,GDP per capita (constant 2015 US$),881.382641059045
884,Timor-Leste,2005,GDP per capita (constant 2015 US$),943.19713308311
885,Timor-Leste,2004,GDP per capita (constant 2015 US$),938.415715535387
886,Timor-Leste,2003,GDP per capita (constant 2015 US$),954.11040059028
887,Timor-Leste,2002,GDP per capita (constant 2015 US$),993.713048042417
888,Timor-Leste,2001,GDP per capita (constant 2015 US$),1084.92492084185
889,Timor-Leste,2000,GDP per capita (constant 2015 US$),948.028311597044
890,Vietnam,2022,"Inflation, consumer prices (annual %)",3.15650749963111
891,Vietnam,2021,"Inflation, consumer prices (annual %)",1.83471554810462
892,Vietnam,2020,"Inflation, consumer prices (annual %)",3.22093436652514
893,Vietnam,2019,"Inflation, consumer prices (annual %)",2.79582367452244
894,Vietnam,2018,"Inflation, consumer prices (annual %)",3.53962805942641
895,Vietnam,2017,"Inflation, consumer prices (annual %)",3.52025688811619
896,Vietnam,2016,"Inflation, consumer prices (annual %)",2.66824816969083
897,Vietnam,2015,"Inflation, consumer prices (annual %)",0.631200905175718
898,Vietnam,2014,"Inflation, consumer prices (annual %)",4.08455446637622
899,Vietnam,2013,"Inflation, consumer prices (annual %)",6.59267475899191
900,Vietnam,2012,"Inflation, consumer prices (annual %)",9.09470339557193
901,Vietnam,2011,"Inflation, consumer prices (annual %)",18.6777322770706
902,Vietnam,2010,"Inflation, consumer prices (annual %)",9.20746648778418
903,Vietnam,2009,"Inflation, consumer prices (annual %)",6.71698269988629
904,Vietnam,2008,"Inflation, consumer prices (annual %)",23.1154483474477
905,Vietnam,2007,"Inflation, consumer prices (annual %)",8.34444889773838
906,Vietnam,2006,"Inflation, consumer prices (annual %)",7.41801715108469
907,Vietnam,2005,"Inflation, consumer prices (annual %)",8.2845724312867
908,Vietnam,2004,"Inflation, consumer prices (annual %)",7.75494748709602
909,Vietnam,2003,"Inflation, consumer prices (annual %)",3.23464817293924
910,Vietnam,2002,"Inflation, consumer prices (annual %)",3.83082838168469
911,Vietnam,2001,"Inflation, consumer prices (annual %)",-0.431544511728152
912,Vietnam,2000,"Inflation, consumer prices (annual %)",-1.71033727851113
913,Vietnam,1999,"Inflation, consumer prices (annual %)",4.11710235771737
914,Vietnam,1998,"Inflation, consumer prices (annual %)",7.26619804400963
915,Vietnam,1997,"Inflation, consumer prices (annual %)",3.20952606261374
916,Vietnam,1996,"Inflation, consumer prices (annual %)",5.67499999999989
917,Vietnam,2022,GDP per capita (constant 2015 US$),3655.46258103678
918,Vietnam,2021,GDP per capita (constant 2015 US$),3409.0247166398
919,Vietnam,2020,GDP per capita (constant 2015 US$),3352.06015678922
920,Vietnam,2019,GDP per capita (constant 2015 US$),3288.35307286665
921,Vietnam,2018,GDP per capita (constant 2015 US$),3090.77224054251
922,Vietnam,2017,GDP per capita (constant 2015 US$),2903.02829038899
923,Vietnam,2016,GDP per capita (constant 2015 US$),2741.05293745428
924,Vietnam,2015,GDP per capita (constant 2015 US$),2595.23497870737
925,Vietnam,2014,GDP per capita (constant 2015 US$),2451.15923163041
926,Vietnam,2013,GDP per capita (constant 2015 US$),2327.93265665659
927,Vietnam,2012,GDP per capita (constant 2015 US$),2229.32009199513
928,Vietnam,2011,GDP per capita (constant 2015 US$),2135.78215231252
929,Vietnam,2010,GDP per capita (constant 2015 US$),2028.60553368665
930,Vietnam,2009,GDP per capita (constant 2015 US$),1926.62381821432
931,Vietnam,2008,GDP per capita (constant 2015 US$),1846.8667835108
932,Vietnam,2007,GDP per capita (constant 2015 US$),1765.12260476896
933,Vietnam,2006,GDP per capita (constant 2015 US$),1663.55951305493
934,Vietnam,2005,GDP per capita (constant 2015 US$),1570.19322785345
935,Vietnam,2004,GDP per capita (constant 2015 US$),1474.74077137354
936,Vietnam,2003,GDP per capita (constant 2015 US$),1385.4487328209
937,Vietnam,2002,GDP per capita (constant 2015 US$),1309.43027248009
938,Vietnam,2001,GDP per capita (constant 2015 US$),1244.30651883382
939,Vietnam,2000,GDP per capita (constant 2015 US$),1183.85409718642
940,Vietnam,1999,GDP per capita (constant 2015 US$),1121.06037479124
941,Vietnam,1998,GDP per capita (constant 2015 US$),1083.79117089627
942,Vietnam,1997,GDP per capita (constant 2015 US$),1039.13502653761
943,Vietnam,1996,GDP per capita (constant 2015 US$),975.066825050623
944,Vietnam,1995,GDP per capita (constant 2015 US$),906.130249074565
945,Vietnam,1994,GDP per capita (constant 2015 US$),841.563978397227
946,Vietnam,1993,GDP per capita (constant 2015 US$),787.6098526971
947,Vietnam,1992,GDP per capita (constant 2015 US$),743.268389814626
948,Vietnam,1991,GDP per capita (constant 2015 US$),698.429501419231
949,Vietnam,1990,GDP per capita (constant 2015 US$),673.385459683998
950,Vietnam,1989,GDP per capita (constant 2015 US$),654.857812997251
951,Vietnam,1988,GDP per capita (constant 2015 US$),623.548146261583
952,Vietnam,1987,GDP per capita (constant 2015 US$),606.414001376112
953,Vietnam,1986,GDP per capita (constant 2015 US$),598.915367498239
954,Vietnam,1985,GDP per capita (constant 2015 US$),596.39696645312
955,Vietnam,1984,GDP per capita (constant 2015 US$),588.34630223827
956,Myanmar,2019,"Inflation, consumer prices (annual %)",8.82506696804562
957,Myanmar,2018,"Inflation, consumer prices (annual %)",6.87232865662918
958,Myanmar,2017,"Inflation, consumer prices (annual %)",4.57253655317505
959,Myanmar,2016,"Inflation, consumer prices (annual %)",6.92882525816124
960,Myanmar,2015,"Inflation, consumer prices (annual %)",9.45417189525996
961,Myanmar,2014,"Inflation, consumer prices (annual %)",4.95329918484382
962,Myanmar,2013,"Inflation, consumer prices (annual %)",5.64303883425513
963,Myanmar,2012,"Inflation, consumer prices (annual %)",1.46758322674678
964,Myanmar,2011,"Inflation, consumer prices (annual %)",5.02146014620726
965,Myanmar,2010,"Inflation, consumer prices (annual %)",7.71838195873614
966,Myanmar,2009,"Inflation, consumer prices (annual %)",1.47234311385647
967,Myanmar,2008,"Inflation, consumer prices (annual %)",26.7995371934022
968,Myanmar,2007,"Inflation, consumer prices (annual %)",35.0245970717698
969,Myanmar,2006,"Inflation, consumer prices (annual %)",19.9964873359215
970,Myanmar,2005,"Inflation, consumer prices (annual %)",9.36861814196702
971,Myanmar,2004,"Inflation, consumer prices (annual %)",4.53421374129695
972,Myanmar,2003,"Inflation, consumer prices (annual %)",36.5897175323924
973,Myanmar,2002,"Inflation, consumer prices (annual %)",57.0745112621703
974,Myanmar,2001,"Inflation, consumer prices (annual %)",21.1013053769229
975,Myanmar,2000,"Inflation, consumer prices (annual %)",-0.109165514668512
976,Myanmar,1999,"Inflation, consumer prices (annual %)",18.4010433741609
977,Myanmar,1998,"Inflation, consumer prices (annual %)",51.4875497504079
978,Myanmar,1997,"Inflation, consumer prices (annual %)",29.6972325791529
979,Myanmar,1996,"Inflation, consumer prices (annual %)",16.2753966377374
980,Myanmar,1995,"Inflation, consumer prices (annual %)",25.1947123972847
981,Myanmar,1994,"Inflation, consumer prices (annual %)",24.0987860757019
982,Myanmar,1993,"Inflation, consumer prices (annual %)",31.83160687276
983,Myanmar,1992,"Inflation, consumer prices (annual %)",21.9132104007913
984,Myanmar,1991,"Inflation, consumer prices (annual %)",32.2720382866416
985,Myanmar,1990,"Inflation, consumer prices (annual %)",17.6267750314504
986,Myanmar,1989,"Inflation, consumer prices (annual %)",27.1985264490888
987,Myanmar,1988,"Inflation, consumer prices (annual %)",16.0428021801855
988,Myanmar,1987,"Inflation, consumer prices (annual %)",24.7599999999999
989,Myanmar,1986,"Inflation, consumer prices (annual %)",9.32546190007651
990,Myanmar,1985,"Inflation, consumer prices (annual %)",6.80756655768336
991,Myanmar,1984,"Inflation, consumer prices (annual %)",4.84631154769051
992,Myanmar,1983,"Inflation, consumer prices (annual %)",5.65008336345437
993,Myanmar,1982,"Inflation, consumer prices (annual %)",5.30474040537996
994,Myanmar,1981,"Inflation, consumer prices (annual %)",0.318444733265888
995,Myanmar,1980,"Inflation, consumer prices (annual %)",0.608153083899641
996,Myanmar,1979,"Inflation, consumer prices (annual %)",5.67229502887825
997,Myanmar,1978,"Inflation, consumer prices (annual %)",-6.04470612570266
998,Myanmar,1977,"Inflation, consumer prices (annual %)",-1.15668724252863
999,Myanmar,1976,"Inflation, consumer prices (annual %)",22.3844016992292
1000,Myanmar,1975,"Inflation, consumer prices (annual %)",31.6556629348014
1001,Myanmar,1974,"Inflation, consumer prices (annual %)",25.2116613422038
1002,Myanmar,1973,"Inflation, consumer prices (annual %)",25.1999999992502
1003,Myanmar,1972,"Inflation, consumer prices (annual %)",7.64262648008593
1004,Myanmar,1971,"Inflation, consumer prices (annual %)",2.08791208791184
1005,Myanmar,1970,"Inflation, consumer prices (annual %)",-4.00843881755273
1006,Myanmar,1969,"Inflation, consumer prices (annual %)",-4.33905146321213
1007,Myanmar,1968,"Inflation, consumer prices (annual %)",2.37603305787557
1008,Myanmar,1967,"Inflation, consumer prices (annual %)",0.833333332291589
1009,Myanmar,1966,"Inflation, consumer prices (annual %)",25.4901960784319
1010,Myanmar,1965,"Inflation, consumer prices (annual %)",17.6923076923075
1011,Myanmar,1964,"Inflation, consumer prices (annual %)",-0.459418068919956
1012,Myanmar,1963,"Inflation, consumer prices (annual %)",-2.68256333834103
1013,Myanmar,1962,"Inflation, consumer prices (annual %)",-1.61290322727255
1014,Myanmar,1961,"Inflation, consumer prices (annual %)",-0.146412882872032
1015,Myanmar,1960,"Inflation, consumer prices (annual %)",7.38993710703483
1016,Myanmar,2022,GDP per capita (constant 2015 US$),1347.46357083207
1017,Myanmar,2021,GDP per capita (constant 2015 US$),1317.45304042813
1018,Myanmar,2020,GDP per capita (constant 2015 US$),1616.20853069741
1019,Myanmar,2019,GDP per capita (constant 2015 US$),1577.8027436178
1020,Myanmar,2018,GDP per capita (constant 2015 US$),1488.53054947365
1021,Myanmar,2017,GDP per capita (constant 2015 US$),1409.03375145116
1022,Myanmar,2016,GDP per capita (constant 2015 US$),1342.58653650353
1023,Myanmar,2015,GDP per capita (constant 2015 US$),1224.5623682428
1024,Myanmar,2014,GDP per capita (constant 2015 US$),1195.25728300762
1025,Myanmar,2013,GDP per capita (constant 2015 US$),1113.92742364195
1026,Myanmar,2012,GDP per capita (constant 2015 US$),1041.22589125135
1027,Myanmar,2011,GDP per capita (constant 2015 US$),986.127097743421
1028,Myanmar,2010,GDP per capita (constant 2015 US$),924.649757450954
1029,Myanmar,2009,GDP per capita (constant 2015 US$),846.491126504169
1030,Myanmar,2008,GDP per capita (constant 2015 US$),771.186104754434
1031,Myanmar,2007,GDP per capita (constant 2015 US$),698.365549587792
1032,Myanmar,2006,GDP per capita (constant 2015 US$),625.379986202777
1033,Myanmar,2005,GDP per capita (constant 2015 US$),556.142141483774
1034,Myanmar,2004,GDP per capita (constant 2015 US$),493.697580868898
1035,Myanmar,2003,GDP per capita (constant 2015 US$),438.061206261353
1036,Myanmar,2002,GDP per capita (constant 2015 US$),391.415826222204
1037,Myanmar,2001,GDP per capita (constant 2015 US$),353.951576858536
1038,Myanmar,2000,GDP per capita (constant 2015 US$),318.006931888885
1039,Myanmar,1999,GDP per capita (constant 2015 US$),285.997972483964
1040,Myanmar,1998,GDP per capita (constant 2015 US$),266.75794685363
1041,Myanmar,1997,GDP per capita (constant 2015 US$),255.346320174391
1042,Myanmar,1996,GDP per capita (constant 2015 US$),243.856492677182
1043,Myanmar,1995,GDP per capita (constant 2015 US$),231.467531644775
1044,Myanmar,1994,GDP per capita (constant 2015 US$),218.683873717288
1045,Myanmar,1993,GDP per capita (constant 2015 US$),207.488609926598
1046,Myanmar,1992,GDP per capita (constant 2015 US$),195.105100262009
1047,Myanmar,1991,GDP per capita (constant 2015 US$),189.28221112533
1048,Myanmar,1990,GDP per capita (constant 2015 US$),190.01223798799
1049,Myanmar,1989,GDP per capita (constant 2015 US$),186.877962390533
1050,Myanmar,1988,GDP per capita (constant 2015 US$),198.356768854171
1051,Myanmar,1987,GDP per capita (constant 2015 US$),218.247139899066
1052,Myanmar,1986,GDP per capita (constant 2015 US$),227.83550413807
1053,Myanmar,1985,GDP per capita (constant 2015 US$),230.105741310446
1054,Myanmar,1984,GDP per capita (constant 2015 US$),225.957679665283
1055,Myanmar,1983,GDP per capita (constant 2015 US$),220.363657419052
1056,Myanmar,1982,GDP per capita (constant 2015 US$),214.026778582951
1057,Myanmar,1981,GDP per capita (constant 2015 US$),205.717662766884
1058,Myanmar,1980,GDP per capita (constant 2015 US$),195.747152938252
1059,Myanmar,1979,GDP per capita (constant 2015 US$),187.222638843836
1060,Myanmar,1978,GDP per capita (constant 2015 US$),180.39066690662
1061,Myanmar,1977,GDP per capita (constant 2015 US$),173.18560618219
1062,Myanmar,1976,GDP per capita (constant 2015 US$),166.59799322355
1063,Myanmar,1975,GDP per capita (constant 2015 US$),161.577353662025
1064,Myanmar,1974,GDP per capita (constant 2015 US$),157.348412624231
1065,Myanmar,1973,GDP per capita (constant 2015 US$),157.101150282337
1066,Myanmar,1972,GDP per capita (constant 2015 US$),159.339599337609
1067,Myanmar,1971,GDP per capita (constant 2015 US$),157.821517843906
1068,Myanmar,1970,GDP per capita (constant 2015 US$),154.451741300281
1069,Myanmar,1969,GDP per capita (constant 2015 US$),151.773182742094
1070,Myanmar,1968,GDP per capita (constant 2015 US$),144.619471831837
1071,Myanmar,1967,GDP per capita (constant 2015 US$),144.031433985404
1072,Myanmar,1966,GDP per capita (constant 2015 US$),155.797756286279
1073,Myanmar,1965,GDP per capita (constant 2015 US$),155.512071946354
1074,Myanmar,1964,GDP per capita (constant 2015 US$),155.764078256433
1075,Myanmar,1963,GDP per capita (constant 2015 US$),154.473355750023
1076,Myanmar,1962,GDP per capita (constant 2015 US$),145.160782372366
1077,Myanmar,1961,GDP per capita (constant 2015 US$),145.094261314743
