index,Year,Months,Element,Unit,Value
10195,1991,Annual value,KG,USD,0.16
10196,1992,Annual value,KG,USD,0.15
10197,1993,Annual value,KG,USD,0.13
10198,1994,Annual value,KG,USD,0.15
10199,1995,Annual value,KG,USD,0.17
10200,1996,Annual value,KG,USD,0.2
10201,1997,Annual value,KG,USD,0.21
10202,1998,Annual value,KG,USD,0.14
10203,1999,Annual value,KG,USD,0.13
10204,2000,Annual value,KG,USD,0.11
10205,2001,Annual value,KG,USD,0.11
10206,2002,Annual value,KG,USD,0.12
10207,2003,Annual value,KG,USD,0.13
10208,2004,Annual value,KG,USD,0.17
10209,2005,Annual value,KG,USD,0.17
10210,2006,Annual value,KG,USD,0.18
10211,2007,Annual value,KG,USD,0.33
10212,2008,Annual value,KG,USD,0.29
10213,2009,Annual value,KG,USD,0.26
10214,2010,Annual value,KG,USD,0.27
10215,2011,Annual value,KG,USD,0.34
10216,2012,Annual value,KG,USD,0.32
10217,2013,Annual value,KG,USD,0.26
10218,2014,Annual value,KG,USD,0.24
10219,2015,Annual value,KG,USD,0.26
10220,2016,Annual value,KG,USD,0.23
10221,2017,Annual value,KG,USD,0.26
10222,2018,Annual value,KG,USD,0.31
10223,2019,Annual value,KG,USD,0.35
10224,2020,Annual value,KG,USD,0.31
