Country,Year,datenum,avg_usdprices
Thailand,2001,11337.0,0.17
Thailand,2002,11702.0,0.15
Thailand,2003,12067.0,0.17
Thailand,2004,12432.0,0.17
Thailand,2005,12798.0,0.21
Thailand,2006,13163.0,0.25
Thailand,2007,13528.0,0.26
Thailand,2008,13893.0,0.3
Thailand,2009,14259.0,0.54
Thailand,2010,14624.0,0.42
Thailand,2011,14989.0,0.41
Thailand,2012,15354.0,0.47
Thailand,2013,15720.0,0.52
Thailand,2014,16085.0,0.46
Thailand,2015,16450.0,0.35
Thailand,2016,16815.0,0.33
Thailand,2017,17181.0,0.34
Thailand,2018,17546.0,0.33
Thailand,2019,17911.0,0.35
Thailand,2020,18276.0,0.35
